{
	"domains": [
{
  "id": 1,
  "width": 26,
  "height": 29,
  "obstacles": [
    {
      "name": "obs-1",
      "shape": {
        "type": "rectangle",
        "bottomLeft": {
          "x": 1.75,
          "y": 6.5
        },
        "width": 4.25,
        "height": 0.25
      }
    },
    {
      "name": "obs-2",
      "shape": {
        "type": "rectangle",
        "bottomLeft": {
          "x": 5.75,
          "y": 1.75
        },
        "width": 0.25,
        "height": 5
      }
    },
    {
      "name": "obs-3",
      "shape": {
        "type": "rectangle",
        "bottomLeft": {
          "x": 1.75,
          "y": 0.5
        },
        "width": 4.25,
        "height": 0.25
      }
    },
    {
      "name": "obs-4",
      "shape": {
        "type": "rectangle",
        "bottomLeft": {
          "x": 0.5,
          "y": 1.75
        },
        "width": 0.25,
        "height": 5
      }
    },
    {
      "name": "obs-5",
      "shape": {
        "type": "rectangle",
        "bottomLeft": {
          "x": 1.0817361854436254,
          "y": 0.8978336690906179
        },
        "width": 0.25,
        "height": 2
      }
    },
    {
      "name": "obs-6",
      "shape": {
        "type": "rectangle",
        "bottomLeft": {
          "x": 0.83173618544362538,
          "y": 1.7728336690906179
        },
        "width": 0.25,
        "height": 0.25
      }
    },
    {
      "name": "obs-7",
      "shape": {
        "type": "rectangle",
        "bottomLeft": {
          "x": 5.2434453122722742,
          "y": 2.7071316362214128
        },
        "width": 0.5,
        "height": 0.5
      }
    },
    {
      "name": "obs-8",
      "shape": {
        "type": "rectangle",
        "bottomLeft": {
          "x": 5.1682638145563748,
          "y": 4.3521663309093821
        },
        "width": 0.25,
        "height": 2
      }
    },
    {
      "name": "obs-9",
      "shape": {
        "type": "rectangle",
        "bottomLeft": {
          "x": 5.4182638145563748,
          "y": 5.2271663309093821
        },
        "width": 0.25,
        "height": 0.25
      }
    },
    {
      "name": "obs-10",
      "shape": {
        "type": "rectangle",
        "bottomLeft": {
          "x": 0.75655468772772583,
          "y": 4.0428683637785872
        },
        "width": 0.5,
        "height": 0.5
      }
    },
    {
      "name": "obs-11",
      "shape": {
        "type": "rectangle",
        "bottomLeft": {
          "x": 1.75,
          "y": 13.75
        },
        "width": 4.25,
        "height": 0.25
      }
    },
    {
      "name": "obs-12",
      "shape": {
        "type": "rectangle",
        "bottomLeft": {
          "x": 5.75,
          "y": 9
        },
        "width": 0.25,
        "height": 5
      }
    },
    {
      "name": "obs-13",
      "shape": {
        "type": "rectangle",
        "bottomLeft": {
          "x": 1.75,
          "y": 7.75
        },
        "width": 4.25,
        "height": 0.25
      }
    },
    {
      "name": "obs-14",
      "shape": {
        "type": "rectangle",
        "bottomLeft": {
          "x": 0.5,
          "y": 9
        },
        "width": 0.25,
        "height": 5
      }
    },
    {
      "name": "obs-15",
      "shape": {
        "type": "rectangle",
        "bottomLeft": {
          "x": 1.94211033377462,
          "y": 9.12124496187592
        },
        "width": 0.25,
        "height": 2
      }
    },
    {
      "name": "obs-16",
      "shape": {
        "type": "rectangle",
        "bottomLeft": {
          "x": 2.19211033377462,
          "y": 9.99624496187592
        },
        "width": 0.25,
        "height": 0.25
      }
    },
    {
      "name": "obs-17",
      "shape": {
        "type": "rectangle",
        "bottomLeft": {
          "x": 3.7453239202118449,
          "y": 9.9127262029827659
        },
        "width": 0.5,
        "height": 0.5
      }
    },
    {
      "name": "obs-18",
      "shape": {
        "type": "rectangle",
        "bottomLeft": {
          "x": 4.30788966622538,
          "y": 10.62875503812408
        },
        "width": 0.25,
        "height": 2
      }
    },
    {
      "name": "obs-19",
      "shape": {
        "type": "rectangle",
        "bottomLeft": {
          "x": 4.05788966622538,
          "y": 11.50375503812408
        },
        "width": 0.25,
        "height": 0.25
      }
    },
    {
      "name": "obs-20",
      "shape": {
        "type": "rectangle",
        "bottomLeft": {
          "x": 2.2546760797881551,
          "y": 11.337273797017234
        },
        "width": 0.5,
        "height": 0.5
      }
    },
    {
      "name": "obs-21",
      "shape": {
        "type": "rectangle",
        "bottomLeft": {
          "x": 1.25,
          "y": 15.75
        },
        "width": 4,
        "height": 4.75
      }
    },
    {
      "name": "obs-22",
      "shape": {
        "type": "rectangle",
        "bottomLeft": {
          "x": 1.5,
          "y": 15.5
        },
        "width": 0.25,
        "height": 0.25
      }
    },
    {
      "name": "obs-23",
      "shape": {
        "type": "rectangle",
        "bottomLeft": {
          "x": 1.5,
          "y": 20.5
        },
        "width": 0.25,
        "height": 0.25
      }
    },
    {
      "name": "obs-24",
      "shape": {
        "type": "rectangle",
        "bottomLeft": {
          "x": 2.5,
          "y": 15.5
        },
        "width": 0.25,
        "height": 0.25
      }
    },
    {
      "name": "obs-25",
      "shape": {
        "type": "rectangle",
        "bottomLeft": {
          "x": 2.5,
          "y": 20.5
        },
        "width": 0.25,
        "height": 0.25
      }
    },
    {
      "name": "obs-26",
      "shape": {
        "type": "rectangle",
        "bottomLeft": {
          "x": 3.5,
          "y": 15.5
        },
        "width": 0.25,
        "height": 0.25
      }
    },
    {
      "name": "obs-27",
      "shape": {
        "type": "rectangle",
        "bottomLeft": {
          "x": 3.5,
          "y": 20.5
        },
        "width": 0.25,
        "height": 0.25
      }
    },
    {
      "name": "obs-28",
      "shape": {
        "type": "rectangle",
        "bottomLeft": {
          "x": 4.5,
          "y": 15.5
        },
        "width": 0.25,
        "height": 0.25
      }
    },
    {
      "name": "obs-29",
      "shape": {
        "type": "rectangle",
        "bottomLeft": {
          "x": 4.5,
          "y": 20.5
        },
        "width": 0.25,
        "height": 0.25
      }
    },
    {
      "name": "obs-30",
      "shape": {
        "type": "rectangle",
        "bottomLeft": {
          "x": 1,
          "y": 16
        },
        "width": 0.25,
        "height": 0.25
      }
    },
    {
      "name": "obs-31",
      "shape": {
        "type": "rectangle",
        "bottomLeft": {
          "x": 5.25,
          "y": 16
        },
        "width": 0.25,
        "height": 0.25
      }
    },
    {
      "name": "obs-32",
      "shape": {
        "type": "rectangle",
        "bottomLeft": {
          "x": 1,
          "y": 17
        },
        "width": 0.25,
        "height": 0.25
      }
    },
    {
      "name": "obs-33",
      "shape": {
        "type": "rectangle",
        "bottomLeft": {
          "x": 5.25,
          "y": 17
        },
        "width": 0.25,
        "height": 0.25
      }
    },
    {
      "name": "obs-34",
      "shape": {
        "type": "rectangle",
        "bottomLeft": {
          "x": 1,
          "y": 18
        },
        "width": 0.25,
        "height": 0.25
      }
    },
    {
      "name": "obs-35",
      "shape": {
        "type": "rectangle",
        "bottomLeft": {
          "x": 5.25,
          "y": 18
        },
        "width": 0.25,
        "height": 0.25
      }
    },
    {
      "name": "obs-36",
      "shape": {
        "type": "rectangle",
        "bottomLeft": {
          "x": 1,
          "y": 19
        },
        "width": 0.25,
        "height": 0.25
      }
    },
    {
      "name": "obs-37",
      "shape": {
        "type": "rectangle",
        "bottomLeft": {
          "x": 5.25,
          "y": 19
        },
        "width": 0.25,
        "height": 0.25
      }
    },
    {
      "name": "obs-38",
      "shape": {
        "type": "rectangle",
        "bottomLeft": {
          "x": 1,
          "y": 20
        },
        "width": 0.25,
        "height": 0.25
      }
    },
    {
      "name": "obs-39",
      "shape": {
        "type": "rectangle",
        "bottomLeft": {
          "x": 5.25,
          "y": 20
        },
        "width": 0.25,
        "height": 0.25
      }
    },
    {
      "name": "obs-40",
      "shape": {
        "type": "rectangle",
        "bottomLeft": {
          "x": 1.25,
          "y": 23
        },
        "width": 4,
        "height": 4.75
      }
    },
    {
      "name": "obs-41",
      "shape": {
        "type": "rectangle",
        "bottomLeft": {
          "x": 1.5,
          "y": 22.75
        },
        "width": 0.25,
        "height": 0.25
      }
    },
    {
      "name": "obs-42",
      "shape": {
        "type": "rectangle",
        "bottomLeft": {
          "x": 1.5,
          "y": 27.75
        },
        "width": 0.25,
        "height": 0.25
      }
    },
    {
      "name": "obs-43",
      "shape": {
        "type": "rectangle",
        "bottomLeft": {
          "x": 2.5,
          "y": 22.75
        },
        "width": 0.25,
        "height": 0.25
      }
    },
    {
      "name": "obs-44",
      "shape": {
        "type": "rectangle",
        "bottomLeft": {
          "x": 2.5,
          "y": 27.75
        },
        "width": 0.25,
        "height": 0.25
      }
    },
    {
      "name": "obs-45",
      "shape": {
        "type": "rectangle",
        "bottomLeft": {
          "x": 3.5,
          "y": 22.75
        },
        "width": 0.25,
        "height": 0.25
      }
    },
    {
      "name": "obs-46",
      "shape": {
        "type": "rectangle",
        "bottomLeft": {
          "x": 3.5,
          "y": 27.75
        },
        "width": 0.25,
        "height": 0.25
      }
    },
    {
      "name": "obs-47",
      "shape": {
        "type": "rectangle",
        "bottomLeft": {
          "x": 4.5,
          "y": 22.75
        },
        "width": 0.25,
        "height": 0.25
      }
    },
    {
      "name": "obs-48",
      "shape": {
        "type": "rectangle",
        "bottomLeft": {
          "x": 4.5,
          "y": 27.75
        },
        "width": 0.25,
        "height": 0.25
      }
    },
    {
      "name": "obs-49",
      "shape": {
        "type": "rectangle",
        "bottomLeft": {
          "x": 1,
          "y": 23.25
        },
        "width": 0.25,
        "height": 0.25
      }
    },
    {
      "name": "obs-50",
      "shape": {
        "type": "rectangle",
        "bottomLeft": {
          "x": 5.25,
          "y": 23.25
        },
        "width": 0.25,
        "height": 0.25
      }
    },
    {
      "name": "obs-51",
      "shape": {
        "type": "rectangle",
        "bottomLeft": {
          "x": 1,
          "y": 24.25
        },
        "width": 0.25,
        "height": 0.25
      }
    },
    {
      "name": "obs-52",
      "shape": {
        "type": "rectangle",
        "bottomLeft": {
          "x": 5.25,
          "y": 24.25
        },
        "width": 0.25,
        "height": 0.25
      }
    },
    {
      "name": "obs-53",
      "shape": {
        "type": "rectangle",
        "bottomLeft": {
          "x": 1,
          "y": 25.25
        },
        "width": 0.25,
        "height": 0.25
      }
    },
    {
      "name": "obs-54",
      "shape": {
        "type": "rectangle",
        "bottomLeft": {
          "x": 5.25,
          "y": 25.25
        },
        "width": 0.25,
        "height": 0.25
      }
    },
    {
      "name": "obs-55",
      "shape": {
        "type": "rectangle",
        "bottomLeft": {
          "x": 1,
          "y": 26.25
        },
        "width": 0.25,
        "height": 0.25
      }
    },
    {
      "name": "obs-56",
      "shape": {
        "type": "rectangle",
        "bottomLeft": {
          "x": 5.25,
          "y": 26.25
        },
        "width": 0.25,
        "height": 0.25
      }
    },
    {
      "name": "obs-57",
      "shape": {
        "type": "rectangle",
        "bottomLeft": {
          "x": 1,
          "y": 27.25
        },
        "width": 0.25,
        "height": 0.25
      }
    },
    {
      "name": "obs-58",
      "shape": {
        "type": "rectangle",
        "bottomLeft": {
          "x": 5.25,
          "y": 27.25
        },
        "width": 0.25,
        "height": 0.25
      }
    },
    {
      "name": "obs-59",
      "shape": {
        "type": "rectangle",
        "bottomLeft": {
          "x": 8.25,
          "y": 6.5
        },
        "width": 4.25,
        "height": 0.25
      }
    },
    {
      "name": "obs-60",
      "shape": {
        "type": "rectangle",
        "bottomLeft": {
          "x": 12.25,
          "y": 1.75
        },
        "width": 0.25,
        "height": 5
      }
    },
    {
      "name": "obs-61",
      "shape": {
        "type": "rectangle",
        "bottomLeft": {
          "x": 8.25,
          "y": 0.5
        },
        "width": 4.25,
        "height": 0.25
      }
    },
    {
      "name": "obs-62",
      "shape": {
        "type": "rectangle",
        "bottomLeft": {
          "x": 7,
          "y": 1.75
        },
        "width": 0.25,
        "height": 5
      }
    },
    {
      "name": "obs-63",
      "shape": {
        "type": "rectangle",
        "bottomLeft": {
          "x": 7.5418327385954038,
          "y": 2.1424971216293431
        },
        "width": 0.25,
        "height": 2
      }
    },
    {
      "name": "obs-64",
      "shape": {
        "type": "rectangle",
        "bottomLeft": {
          "x": 7.2918327385954038,
          "y": 3.0174971216293431
        },
        "width": 0.25,
        "height": 0.25
      }
    },
    {
      "name": "obs-65",
      "shape": {
        "type": "rectangle",
        "bottomLeft": {
          "x": 10.523851468600606,
          "y": 3.1620832330125075
        },
        "width": 0.5,
        "height": 0.5
      }
    },
    {
      "name": "obs-66",
      "shape": {
        "type": "rectangle",
        "bottomLeft": {
          "x": 11.708167261404597,
          "y": 3.1075028783706564
        },
        "width": 0.25,
        "height": 2
      }
    },
    {
      "name": "obs-67",
      "shape": {
        "type": "rectangle",
        "bottomLeft": {
          "x": 11.958167261404597,
          "y": 3.9825028783706564
        },
        "width": 0.25,
        "height": 0.25
      }
    },
    {
      "name": "obs-68",
      "shape": {
        "type": "rectangle",
        "bottomLeft": {
          "x": 8.4761485313993941,
          "y": 3.5879167669874921
        },
        "width": 0.5,
        "height": 0.5
      }
    },
    {
      "name": "obs-69",
      "shape": {
        "type": "rectangle",
        "bottomLeft": {
          "x": 8.25,
          "y": 13.75
        },
        "width": 4.25,
        "height": 0.25
      }
    },
    {
      "name": "obs-70",
      "shape": {
        "type": "rectangle",
        "bottomLeft": {
          "x": 12.25,
          "y": 9
        },
        "width": 0.25,
        "height": 5
      }
    },
    {
      "name": "obs-71",
      "shape": {
        "type": "rectangle",
        "bottomLeft": {
          "x": 8.25,
          "y": 7.75
        },
        "width": 4.25,
        "height": 0.25
      }
    },
    {
      "name": "obs-72",
      "shape": {
        "type": "rectangle",
        "bottomLeft": {
          "x": 7,
          "y": 9
        },
        "width": 0.25,
        "height": 5
      }
    },
    {
      "name": "obs-73",
      "shape": {
        "type": "rectangle",
        "bottomLeft": {
          "x": 7.8856991891788679,
          "y": 8.4005849439519658
        },
        "width": 0.25,
        "height": 2
      }
    },
    {
      "name": "obs-74",
      "shape": {
        "type": "rectangle",
        "bottomLeft": {
          "x": 7.6356991891788679,
          "y": 9.2755849439519658
        },
        "width": 0.25,
        "height": 0.25
      }
    },
    {
      "name": "obs-75",
      "shape": {
        "type": "rectangle",
        "bottomLeft": {
          "x": 11.380736293932545,
          "y": 11.341972624696337
        },
        "width": 0.5,
        "height": 0.5
      }
    },
    {
      "name": "obs-76",
      "shape": {
        "type": "rectangle",
        "bottomLeft": {
          "x": 7.75,
          "y": 15.75
        },
        "width": 4,
        "height": 4.75
      }
    },
    {
      "name": "obs-77",
      "shape": {
        "type": "rectangle",
        "bottomLeft": {
          "x": 8,
          "y": 15.5
        },
        "width": 0.25,
        "height": 0.25
      }
    },
    {
      "name": "obs-78",
      "shape": {
        "type": "rectangle",
        "bottomLeft": {
          "x": 8,
          "y": 20.5
        },
        "width": 0.25,
        "height": 0.25
      }
    },
    {
      "name": "obs-79",
      "shape": {
        "type": "rectangle",
        "bottomLeft": {
          "x": 9,
          "y": 15.5
        },
        "width": 0.25,
        "height": 0.25
      }
    },
    {
      "name": "obs-80",
      "shape": {
        "type": "rectangle",
        "bottomLeft": {
          "x": 9,
          "y": 20.5
        },
        "width": 0.25,
        "height": 0.25
      }
    },
    {
      "name": "obs-81",
      "shape": {
        "type": "rectangle",
        "bottomLeft": {
          "x": 10,
          "y": 15.5
        },
        "width": 0.25,
        "height": 0.25
      }
    },
    {
      "name": "obs-82",
      "shape": {
        "type": "rectangle",
        "bottomLeft": {
          "x": 10,
          "y": 20.5
        },
        "width": 0.25,
        "height": 0.25
      }
    },
    {
      "name": "obs-83",
      "shape": {
        "type": "rectangle",
        "bottomLeft": {
          "x": 11,
          "y": 15.5
        },
        "width": 0.25,
        "height": 0.25
      }
    },
    {
      "name": "obs-84",
      "shape": {
        "type": "rectangle",
        "bottomLeft": {
          "x": 11,
          "y": 20.5
        },
        "width": 0.25,
        "height": 0.25
      }
    },
    {
      "name": "obs-85",
      "shape": {
        "type": "rectangle",
        "bottomLeft": {
          "x": 7.5,
          "y": 16
        },
        "width": 0.25,
        "height": 0.25
      }
    },
    {
      "name": "obs-86",
      "shape": {
        "type": "rectangle",
        "bottomLeft": {
          "x": 11.75,
          "y": 16
        },
        "width": 0.25,
        "height": 0.25
      }
    },
    {
      "name": "obs-87",
      "shape": {
        "type": "rectangle",
        "bottomLeft": {
          "x": 7.5,
          "y": 17
        },
        "width": 0.25,
        "height": 0.25
      }
    },
    {
      "name": "obs-88",
      "shape": {
        "type": "rectangle",
        "bottomLeft": {
          "x": 11.75,
          "y": 17
        },
        "width": 0.25,
        "height": 0.25
      }
    },
    {
      "name": "obs-89",
      "shape": {
        "type": "rectangle",
        "bottomLeft": {
          "x": 7.5,
          "y": 18
        },
        "width": 0.25,
        "height": 0.25
      }
    },
    {
      "name": "obs-90",
      "shape": {
        "type": "rectangle",
        "bottomLeft": {
          "x": 11.75,
          "y": 18
        },
        "width": 0.25,
        "height": 0.25
      }
    },
    {
      "name": "obs-91",
      "shape": {
        "type": "rectangle",
        "bottomLeft": {
          "x": 7.5,
          "y": 19
        },
        "width": 0.25,
        "height": 0.25
      }
    },
    {
      "name": "obs-92",
      "shape": {
        "type": "rectangle",
        "bottomLeft": {
          "x": 11.75,
          "y": 19
        },
        "width": 0.25,
        "height": 0.25
      }
    },
    {
      "name": "obs-93",
      "shape": {
        "type": "rectangle",
        "bottomLeft": {
          "x": 7.5,
          "y": 20
        },
        "width": 0.25,
        "height": 0.25
      }
    },
    {
      "name": "obs-94",
      "shape": {
        "type": "rectangle",
        "bottomLeft": {
          "x": 11.75,
          "y": 20
        },
        "width": 0.25,
        "height": 0.25
      }
    },
    {
      "name": "obs-95",
      "shape": {
        "type": "rectangle",
        "bottomLeft": {
          "x": 8.25,
          "y": 28.25
        },
        "width": 4.25,
        "height": 0.25
      }
    },
    {
      "name": "obs-96",
      "shape": {
        "type": "rectangle",
        "bottomLeft": {
          "x": 12.25,
          "y": 23.5
        },
        "width": 0.25,
        "height": 5
      }
    },
    {
      "name": "obs-97",
      "shape": {
        "type": "rectangle",
        "bottomLeft": {
          "x": 8.25,
          "y": 22.25
        },
        "width": 4.25,
        "height": 0.25
      }
    },
    {
      "name": "obs-98",
      "shape": {
        "type": "rectangle",
        "bottomLeft": {
          "x": 7,
          "y": 23.5
        },
        "width": 0.25,
        "height": 5
      }
    },
    {
      "name": "obs-99",
      "shape": {
        "type": "rectangle",
        "bottomLeft": {
          "x": 7.6255330942858421,
          "y": 24.076854361934707
        },
        "width": 0.25,
        "height": 2
      }
    },
    {
      "name": "obs-100",
      "shape": {
        "type": "rectangle",
        "bottomLeft": {
          "x": 7.3755330942858421,
          "y": 24.951854361934707
        },
        "width": 0.25,
        "height": 0.25
      }
    },
    {
      "name": "obs-101",
      "shape": {
        "type": "rectangle",
        "bottomLeft": {
          "x": 9.8318825895329258,
          "y": 27.121960255395337
        },
        "width": 0.5,
        "height": 0.5
      }
    },
    {
      "name": "obs-102",
      "shape": {
        "type": "rectangle",
        "bottomLeft": {
          "x": 14.75,
          "y": 13.75
        },
        "width": 4.25,
        "height": 0.25
      }
    },
    {
      "name": "obs-103",
      "shape": {
        "type": "rectangle",
        "bottomLeft": {
          "x": 18.75,
          "y": 1.75
        },
        "width": 0.25,
        "height": 12.25
      }
    },
    {
      "name": "obs-104",
      "shape": {
        "type": "rectangle",
        "bottomLeft": {
          "x": 14.75,
          "y": 0.5
        },
        "width": 4.25,
        "height": 0.25
      }
    },
    {
      "name": "obs-105",
      "shape": {
        "type": "rectangle",
        "bottomLeft": {
          "x": 13.5,
          "y": 1.75
        },
        "width": 0.25,
        "height": 12.25
      }
    },
    {
      "name": "obs-106",
      "shape": {
        "type": "rectangle",
        "bottomLeft": {
          "x": 14.243737751808522,
          "y": 8.2121219556286569
        },
        "width": 0.25,
        "height": 2
      }
    },
    {
      "name": "obs-107",
      "shape": {
        "type": "rectangle",
        "bottomLeft": {
          "x": 14.493737751808522,
          "y": 9.0871219556286569
        },
        "width": 0.25,
        "height": 0.25
      }
    },
    {
      "name": "obs-108",
      "shape": {
        "type": "rectangle",
        "bottomLeft": {
          "x": 13.790699725901481,
          "y": 10.434627999000801
        },
        "width": 0.5,
        "height": 0.5
      }
    },
    {
      "name": "obs-109",
      "shape": {
        "type": "rectangle",
        "bottomLeft": {
          "x": 15.455476123877768,
          "y": 18.200027307028492
        },
        "width": 0.75,
        "height": 0.75
      }
    },
    {
      "name": "obs-110",
      "shape": {
        "type": "rectangle",
        "bottomLeft": {
          "x": 14.25,
          "y": 23
        },
        "width": 4,
        "height": 4.75
      }
    },
    {
      "name": "obs-111",
      "shape": {
        "type": "rectangle",
        "bottomLeft": {
          "x": 14.5,
          "y": 22.75
        },
        "width": 0.25,
        "height": 0.25
      }
    },
    {
      "name": "obs-112",
      "shape": {
        "type": "rectangle",
        "bottomLeft": {
          "x": 14.5,
          "y": 27.75
        },
        "width": 0.25,
        "height": 0.25
      }
    },
    {
      "name": "obs-113",
      "shape": {
        "type": "rectangle",
        "bottomLeft": {
          "x": 15.5,
          "y": 22.75
        },
        "width": 0.25,
        "height": 0.25
      }
    },
    {
      "name": "obs-114",
      "shape": {
        "type": "rectangle",
        "bottomLeft": {
          "x": 15.5,
          "y": 27.75
        },
        "width": 0.25,
        "height": 0.25
      }
    },
    {
      "name": "obs-115",
      "shape": {
        "type": "rectangle",
        "bottomLeft": {
          "x": 16.5,
          "y": 22.75
        },
        "width": 0.25,
        "height": 0.25
      }
    },
    {
      "name": "obs-116",
      "shape": {
        "type": "rectangle",
        "bottomLeft": {
          "x": 16.5,
          "y": 27.75
        },
        "width": 0.25,
        "height": 0.25
      }
    },
    {
      "name": "obs-117",
      "shape": {
        "type": "rectangle",
        "bottomLeft": {
          "x": 17.5,
          "y": 22.75
        },
        "width": 0.25,
        "height": 0.25
      }
    },
    {
      "name": "obs-118",
      "shape": {
        "type": "rectangle",
        "bottomLeft": {
          "x": 17.5,
          "y": 27.75
        },
        "width": 0.25,
        "height": 0.25
      }
    },
    {
      "name": "obs-119",
      "shape": {
        "type": "rectangle",
        "bottomLeft": {
          "x": 14,
          "y": 23.25
        },
        "width": 0.25,
        "height": 0.25
      }
    },
    {
      "name": "obs-120",
      "shape": {
        "type": "rectangle",
        "bottomLeft": {
          "x": 18.25,
          "y": 23.25
        },
        "width": 0.25,
        "height": 0.25
      }
    },
    {
      "name": "obs-121",
      "shape": {
        "type": "rectangle",
        "bottomLeft": {
          "x": 14,
          "y": 24.25
        },
        "width": 0.25,
        "height": 0.25
      }
    },
    {
      "name": "obs-122",
      "shape": {
        "type": "rectangle",
        "bottomLeft": {
          "x": 18.25,
          "y": 24.25
        },
        "width": 0.25,
        "height": 0.25
      }
    },
    {
      "name": "obs-123",
      "shape": {
        "type": "rectangle",
        "bottomLeft": {
          "x": 14,
          "y": 25.25
        },
        "width": 0.25,
        "height": 0.25
      }
    },
    {
      "name": "obs-124",
      "shape": {
        "type": "rectangle",
        "bottomLeft": {
          "x": 18.25,
          "y": 25.25
        },
        "width": 0.25,
        "height": 0.25
      }
    },
    {
      "name": "obs-125",
      "shape": {
        "type": "rectangle",
        "bottomLeft": {
          "x": 14,
          "y": 26.25
        },
        "width": 0.25,
        "height": 0.25
      }
    },
    {
      "name": "obs-126",
      "shape": {
        "type": "rectangle",
        "bottomLeft": {
          "x": 18.25,
          "y": 26.25
        },
        "width": 0.25,
        "height": 0.25
      }
    },
    {
      "name": "obs-127",
      "shape": {
        "type": "rectangle",
        "bottomLeft": {
          "x": 14,
          "y": 27.25
        },
        "width": 0.25,
        "height": 0.25
      }
    },
    {
      "name": "obs-128",
      "shape": {
        "type": "rectangle",
        "bottomLeft": {
          "x": 18.25,
          "y": 27.25
        },
        "width": 0.25,
        "height": 0.25
      }
    },
    {
      "name": "obs-129",
      "shape": {
        "type": "rectangle",
        "bottomLeft": {
          "x": 21.25,
          "y": 13.75
        },
        "width": 4.25,
        "height": 0.25
      }
    },
    {
      "name": "obs-130",
      "shape": {
        "type": "rectangle",
        "bottomLeft": {
          "x": 25.25,
          "y": 1.75
        },
        "width": 0.25,
        "height": 12.25
      }
    },
    {
      "name": "obs-131",
      "shape": {
        "type": "rectangle",
        "bottomLeft": {
          "x": 21.25,
          "y": 0.5
        },
        "width": 4.25,
        "height": 0.25
      }
    },
    {
      "name": "obs-132",
      "shape": {
        "type": "rectangle",
        "bottomLeft": {
          "x": 20,
          "y": 1.75
        },
        "width": 0.25,
        "height": 12.25
      }
    },
    {
      "name": "obs-133",
      "shape": {
        "type": "rectangle",
        "bottomLeft": {
          "x": 21.465163276514502,
          "y": 7.1989557032382088
        },
        "width": 0.25,
        "height": 2
      }
    },
    {
      "name": "obs-134",
      "shape": {
        "type": "rectangle",
        "bottomLeft": {
          "x": 21.215163276514502,
          "y": 8.0739557032382088
        },
        "width": 0.25,
        "height": 0.25
      }
    },
    {
      "name": "obs-135",
      "shape": {
        "type": "rectangle",
        "bottomLeft": {
          "x": 20.967910877259794,
          "y": 10.067977845281415
        },
        "width": 0.5,
        "height": 0.5
      }
    },
    {
      "name": "obs-136",
      "shape": {
        "type": "rectangle",
        "bottomLeft": {
          "x": 21.25,
          "y": 21
        },
        "width": 4.25,
        "height": 0.25
      }
    },
    {
      "name": "obs-137",
      "shape": {
        "type": "rectangle",
        "bottomLeft": {
          "x": 25.25,
          "y": 16.25
        },
        "width": 0.25,
        "height": 5
      }
    },
    {
      "name": "obs-138",
      "shape": {
        "type": "rectangle",
        "bottomLeft": {
          "x": 21.25,
          "y": 15
        },
        "width": 4.25,
        "height": 0.25
      }
    },
    {
      "name": "obs-139",
      "shape": {
        "type": "rectangle",
        "bottomLeft": {
          "x": 20,
          "y": 16.25
        },
        "width": 0.25,
        "height": 5
      }
    },
    {
      "name": "obs-140",
      "shape": {
        "type": "rectangle",
        "bottomLeft": {
          "x": 21.832234174524672,
          "y": 15.705593449233636
        },
        "width": 0.25,
        "height": 2
      }
    },
    {
      "name": "obs-141",
      "shape": {
        "type": "rectangle",
        "bottomLeft": {
          "x": 22.082234174524672,
          "y": 16.580593449233636
        },
        "width": 0.25,
        "height": 0.25
      }
    },
    {
      "name": "obs-142",
      "shape": {
        "type": "rectangle",
        "bottomLeft": {
          "x": 24.137141525651149,
          "y": 15.771275426310291
        },
        "width": 0.5,
        "height": 0.5
      }
    },
    {
      "name": "obs-143",
      "shape": {
        "type": "rectangle",
        "bottomLeft": {
          "x": 21.25,
          "y": 28.25
        },
        "width": 4.25,
        "height": 0.25
      }
    },
    {
      "name": "obs-144",
      "shape": {
        "type": "rectangle",
        "bottomLeft": {
          "x": 25.25,
          "y": 23.5
        },
        "width": 0.25,
        "height": 5
      }
    },
    {
      "name": "obs-145",
      "shape": {
        "type": "rectangle",
        "bottomLeft": {
          "x": 21.25,
          "y": 22.25
        },
        "width": 4.25,
        "height": 0.25
      }
    },
    {
      "name": "obs-146",
      "shape": {
        "type": "rectangle",
        "bottomLeft": {
          "x": 20,
          "y": 23.5
        },
        "width": 0.25,
        "height": 5
      }
    },
    {
      "name": "obs-147",
      "shape": {
        "type": "rectangle",
        "bottomLeft": {
          "x": 20.823300211552485,
          "y": 25.813259005826854
        },
        "width": 0.25,
        "height": 2
      }
    },
    {
      "name": "obs-148",
      "shape": {
        "type": "rectangle",
        "bottomLeft": {
          "x": 21.073300211552485,
          "y": 26.688259005826854
        },
        "width": 0.25,
        "height": 0.25
      }
    },
    {
      "name": "obs-149",
      "shape": {
        "type": "rectangle",
        "bottomLeft": {
          "x": 21.001573104540821,
          "y": 24.802173873792917
        },
        "width": 0.5,
        "height": 0.5
      }
    },
    {
      "name": "obs-150",
      "shape": {
        "type": "rectangle",
        "bottomLeft": {
          "x": 24.426699788447515,
          "y": 22.936740994173146
        },
        "width": 0.25,
        "height": 2
      }
    },
    {
      "name": "obs-151",
      "shape": {
        "type": "rectangle",
        "bottomLeft": {
          "x": 24.176699788447515,
          "y": 23.811740994173146
        },
        "width": 0.25,
        "height": 0.25
      }
    },
    {
      "name": "obs-152",
      "shape": {
        "type": "rectangle",
        "bottomLeft": {
          "x": 23.998426895459179,
          "y": 25.447826126207083
        },
        "width": 0.5,
        "height": 0.5
      }
    }
  ],
  "accesses": [
    {
      "id": 0,
      "shape": {
        "type": "rectangle",
        "bottomLeft": {
          "y": 0,
          "x": 12
        },
        "width": 1,
        "height": 0.5
      }
    },
    {
      "id": 0,
      "shape": {
        "type": "rectangle",
        "bottomLeft": {
          "y": 0,
          "x": 13
        },
        "width": 1,
        "height": 0.5
      }
    }
  ]
}
]	,
	"gateways": [
{
  "id": 0,
  "domain1": 1,
  "domain2": 0
}
	]
}