{
	"domains": [
{
  "id": 1,
  "width": 22,
  "height": 28,
  "obstacles": [
    {
      "name": "obs-1",
      "shape": {
        "type": "rectangle",
        "bottomLeft": {
          "x": 2.9399614340102045,
          "y": 2.144064466485438
        },
        "width": 0.75,
        "height": 0.75
      }
    },
    {
      "name": "obs-2",
      "shape": {
        "type": "rectangle",
        "bottomLeft": {
          "x": 12.75,
          "y": 6.25
        },
        "width": 3.25,
        "height": 0.25
      }
    },
    {
      "name": "obs-3",
      "shape": {
        "type": "rectangle",
        "bottomLeft": {
          "x": 15.75,
          "y": 1.75
        },
        "width": 0.25,
        "height": 4.75
      }
    },
    {
      "name": "obs-4",
      "shape": {
        "type": "rectangle",
        "bottomLeft": {
          "x": 12.75,
          "y": 0.5
        },
        "width": 3.25,
        "height": 0.25
      }
    },
    {
      "name": "obs-5",
      "shape": {
        "type": "rectangle",
        "bottomLeft": {
          "x": 11.5,
          "y": 1.75
        },
        "width": 0.25,
        "height": 4.75
      }
    },
    {
      "name": "obs-6",
      "shape": {
        "type": "rectangle",
        "bottomLeft": {
          "x": 12.940556146199967,
          "y": 2.6514416535496128
        },
        "width": 0.25,
        "height": 2
      }
    },
    {
      "name": "obs-7",
      "shape": {
        "type": "rectangle",
        "bottomLeft": {
          "x": 13.190556146199967,
          "y": 3.5264416535496128
        },
        "width": 0.25,
        "height": 0.25
      }
    },
    {
      "name": "obs-8",
      "shape": {
        "type": "rectangle",
        "bottomLeft": {
          "x": 14.516570681755255,
          "y": 1.1111068968731508
        },
        "width": 0.5,
        "height": 0.5
      }
    },
    {
      "name": "obs-9",
      "shape": {
        "type": "rectangle",
        "bottomLeft": {
          "x": 14.309443853800033,
          "y": 2.3485583464503872
        },
        "width": 0.25,
        "height": 2
      }
    },
    {
      "name": "obs-10",
      "shape": {
        "type": "rectangle",
        "bottomLeft": {
          "x": 14.059443853800033,
          "y": 3.2235583464503872
        },
        "width": 0.25,
        "height": 0.25
      }
    },
    {
      "name": "obs-11",
      "shape": {
        "type": "rectangle",
        "bottomLeft": {
          "x": 12.483429318244745,
          "y": 5.3888931031268488
        },
        "width": 0.5,
        "height": 0.5
      }
    },
    {
      "name": "obs-12",
      "shape": {
        "type": "rectangle",
        "bottomLeft": {
          "x": 17.75,
          "y": 1.25
        },
        "width": 3,
        "height": 4.5
      }
    },
    {
      "name": "obs-13",
      "shape": {
        "type": "rectangle",
        "bottomLeft": {
          "x": 18,
          "y": 1
        },
        "width": 0.25,
        "height": 0.25
      }
    },
    {
      "name": "obs-14",
      "shape": {
        "type": "rectangle",
        "bottomLeft": {
          "x": 18,
          "y": 5.75
        },
        "width": 0.25,
        "height": 0.25
      }
    },
    {
      "name": "obs-15",
      "shape": {
        "type": "rectangle",
        "bottomLeft": {
          "x": 19,
          "y": 1
        },
        "width": 0.25,
        "height": 0.25
      }
    },
    {
      "name": "obs-16",
      "shape": {
        "type": "rectangle",
        "bottomLeft": {
          "x": 19,
          "y": 5.75
        },
        "width": 0.25,
        "height": 0.25
      }
    },
    {
      "name": "obs-17",
      "shape": {
        "type": "rectangle",
        "bottomLeft": {
          "x": 20,
          "y": 1
        },
        "width": 0.25,
        "height": 0.25
      }
    },
    {
      "name": "obs-18",
      "shape": {
        "type": "rectangle",
        "bottomLeft": {
          "x": 20,
          "y": 5.75
        },
        "width": 0.25,
        "height": 0.25
      }
    },
    {
      "name": "obs-19",
      "shape": {
        "type": "rectangle",
        "bottomLeft": {
          "x": 17.5,
          "y": 1.5
        },
        "width": 0.25,
        "height": 0.25
      }
    },
    {
      "name": "obs-20",
      "shape": {
        "type": "rectangle",
        "bottomLeft": {
          "x": 20.75,
          "y": 1.5
        },
        "width": 0.25,
        "height": 0.25
      }
    },
    {
      "name": "obs-21",
      "shape": {
        "type": "rectangle",
        "bottomLeft": {
          "x": 17.5,
          "y": 2.5
        },
        "width": 0.25,
        "height": 0.25
      }
    },
    {
      "name": "obs-22",
      "shape": {
        "type": "rectangle",
        "bottomLeft": {
          "x": 20.75,
          "y": 2.5
        },
        "width": 0.25,
        "height": 0.25
      }
    },
    {
      "name": "obs-23",
      "shape": {
        "type": "rectangle",
        "bottomLeft": {
          "x": 17.5,
          "y": 3.5
        },
        "width": 0.25,
        "height": 0.25
      }
    },
    {
      "name": "obs-24",
      "shape": {
        "type": "rectangle",
        "bottomLeft": {
          "x": 20.75,
          "y": 3.5
        },
        "width": 0.25,
        "height": 0.25
      }
    },
    {
      "name": "obs-25",
      "shape": {
        "type": "rectangle",
        "bottomLeft": {
          "x": 17.5,
          "y": 4.5
        },
        "width": 0.25,
        "height": 0.25
      }
    },
    {
      "name": "obs-26",
      "shape": {
        "type": "rectangle",
        "bottomLeft": {
          "x": 20.75,
          "y": 4.5
        },
        "width": 0.25,
        "height": 0.25
      }
    },
    {
      "name": "obs-27",
      "shape": {
        "type": "rectangle",
        "bottomLeft": {
          "x": 17.5,
          "y": 5.5
        },
        "width": 0.25,
        "height": 0.25
      }
    },
    {
      "name": "obs-28",
      "shape": {
        "type": "rectangle",
        "bottomLeft": {
          "x": 20.75,
          "y": 5.5
        },
        "width": 0.25,
        "height": 0.25
      }
    },
    {
      "name": "obs-29",
      "shape": {
        "type": "rectangle",
        "bottomLeft": {
          "x": 2.781885515354332,
          "y": 8.6935578295292473
        },
        "width": 0.75,
        "height": 0.75
      }
    },
    {
      "name": "obs-30",
      "shape": {
        "type": "rectangle",
        "bottomLeft": {
          "x": 12.25,
          "y": 8.25
        },
        "width": 3,
        "height": 4.5
      }
    },
    {
      "name": "obs-31",
      "shape": {
        "type": "rectangle",
        "bottomLeft": {
          "x": 12.5,
          "y": 8
        },
        "width": 0.25,
        "height": 0.25
      }
    },
    {
      "name": "obs-32",
      "shape": {
        "type": "rectangle",
        "bottomLeft": {
          "x": 12.5,
          "y": 12.75
        },
        "width": 0.25,
        "height": 0.25
      }
    },
    {
      "name": "obs-33",
      "shape": {
        "type": "rectangle",
        "bottomLeft": {
          "x": 13.5,
          "y": 8
        },
        "width": 0.25,
        "height": 0.25
      }
    },
    {
      "name": "obs-34",
      "shape": {
        "type": "rectangle",
        "bottomLeft": {
          "x": 13.5,
          "y": 12.75
        },
        "width": 0.25,
        "height": 0.25
      }
    },
    {
      "name": "obs-35",
      "shape": {
        "type": "rectangle",
        "bottomLeft": {
          "x": 14.5,
          "y": 8
        },
        "width": 0.25,
        "height": 0.25
      }
    },
    {
      "name": "obs-36",
      "shape": {
        "type": "rectangle",
        "bottomLeft": {
          "x": 14.5,
          "y": 12.75
        },
        "width": 0.25,
        "height": 0.25
      }
    },
    {
      "name": "obs-37",
      "shape": {
        "type": "rectangle",
        "bottomLeft": {
          "x": 12,
          "y": 8.5
        },
        "width": 0.25,
        "height": 0.25
      }
    },
    {
      "name": "obs-38",
      "shape": {
        "type": "rectangle",
        "bottomLeft": {
          "x": 15.25,
          "y": 8.5
        },
        "width": 0.25,
        "height": 0.25
      }
    },
    {
      "name": "obs-39",
      "shape": {
        "type": "rectangle",
        "bottomLeft": {
          "x": 12,
          "y": 9.5
        },
        "width": 0.25,
        "height": 0.25
      }
    },
    {
      "name": "obs-40",
      "shape": {
        "type": "rectangle",
        "bottomLeft": {
          "x": 15.25,
          "y": 9.5
        },
        "width": 0.25,
        "height": 0.25
      }
    },
    {
      "name": "obs-41",
      "shape": {
        "type": "rectangle",
        "bottomLeft": {
          "x": 12,
          "y": 10.5
        },
        "width": 0.25,
        "height": 0.25
      }
    },
    {
      "name": "obs-42",
      "shape": {
        "type": "rectangle",
        "bottomLeft": {
          "x": 15.25,
          "y": 10.5
        },
        "width": 0.25,
        "height": 0.25
      }
    },
    {
      "name": "obs-43",
      "shape": {
        "type": "rectangle",
        "bottomLeft": {
          "x": 12,
          "y": 11.5
        },
        "width": 0.25,
        "height": 0.25
      }
    },
    {
      "name": "obs-44",
      "shape": {
        "type": "rectangle",
        "bottomLeft": {
          "x": 15.25,
          "y": 11.5
        },
        "width": 0.25,
        "height": 0.25
      }
    },
    {
      "name": "obs-45",
      "shape": {
        "type": "rectangle",
        "bottomLeft": {
          "x": 12,
          "y": 12.5
        },
        "width": 0.25,
        "height": 0.25
      }
    },
    {
      "name": "obs-46",
      "shape": {
        "type": "rectangle",
        "bottomLeft": {
          "x": 15.25,
          "y": 12.5
        },
        "width": 0.25,
        "height": 0.25
      }
    },
    {
      "name": "obs-47",
      "shape": {
        "type": "rectangle",
        "bottomLeft": {
          "x": 18.25,
          "y": 13.25
        },
        "width": 3.25,
        "height": 0.25
      }
    },
    {
      "name": "obs-48",
      "shape": {
        "type": "rectangle",
        "bottomLeft": {
          "x": 21.25,
          "y": 8.75
        },
        "width": 0.25,
        "height": 4.75
      }
    },
    {
      "name": "obs-49",
      "shape": {
        "type": "rectangle",
        "bottomLeft": {
          "x": 18.25,
          "y": 7.5
        },
        "width": 3.25,
        "height": 0.25
      }
    },
    {
      "name": "obs-50",
      "shape": {
        "type": "rectangle",
        "bottomLeft": {
          "x": 17,
          "y": 8.75
        },
        "width": 0.25,
        "height": 4.75
      }
    },
    {
      "name": "obs-51",
      "shape": {
        "type": "rectangle",
        "bottomLeft": {
          "x": 18.415977251114612,
          "y": 10.114832572484881
        },
        "width": 0.25,
        "height": 2
      }
    },
    {
      "name": "obs-52",
      "shape": {
        "type": "rectangle",
        "bottomLeft": {
          "x": 18.665977251114612,
          "y": 10.989832572484881
        },
        "width": 0.25,
        "height": 0.25
      }
    },
    {
      "name": "obs-53",
      "shape": {
        "type": "rectangle",
        "bottomLeft": {
          "x": 19.234456081553329,
          "y": 11.364726246235705
        },
        "width": 0.5,
        "height": 0.5
      }
    },
    {
      "name": "obs-54",
      "shape": {
        "type": "rectangle",
        "bottomLeft": {
          "x": 19.834022748885388,
          "y": 8.88516742751512
        },
        "width": 0.25,
        "height": 2
      }
    },
    {
      "name": "obs-55",
      "shape": {
        "type": "rectangle",
        "bottomLeft": {
          "x": 19.584022748885388,
          "y": 9.76016742751512
        },
        "width": 0.25,
        "height": 0.25
      }
    },
    {
      "name": "obs-56",
      "shape": {
        "type": "rectangle",
        "bottomLeft": {
          "x": 18.765543918446671,
          "y": 9.1352737537642952
        },
        "width": 0.5,
        "height": 0.5
      }
    },
    {
      "name": "obs-57",
      "shape": {
        "type": "rectangle",
        "bottomLeft": {
          "x": 2.6444752595161374,
          "y": 18.268422474567984
        },
        "width": 0.75,
        "height": 0.75
      }
    },
    {
      "name": "obs-58",
      "shape": {
        "type": "rectangle",
        "bottomLeft": {
          "x": 6.75,
          "y": 15.25
        },
        "width": 3,
        "height": 4.5
      }
    },
    {
      "name": "obs-59",
      "shape": {
        "type": "rectangle",
        "bottomLeft": {
          "x": 7,
          "y": 15
        },
        "width": 0.25,
        "height": 0.25
      }
    },
    {
      "name": "obs-60",
      "shape": {
        "type": "rectangle",
        "bottomLeft": {
          "x": 7,
          "y": 19.75
        },
        "width": 0.25,
        "height": 0.25
      }
    },
    {
      "name": "obs-61",
      "shape": {
        "type": "rectangle",
        "bottomLeft": {
          "x": 8,
          "y": 15
        },
        "width": 0.25,
        "height": 0.25
      }
    },
    {
      "name": "obs-62",
      "shape": {
        "type": "rectangle",
        "bottomLeft": {
          "x": 8,
          "y": 19.75
        },
        "width": 0.25,
        "height": 0.25
      }
    },
    {
      "name": "obs-63",
      "shape": {
        "type": "rectangle",
        "bottomLeft": {
          "x": 9,
          "y": 15
        },
        "width": 0.25,
        "height": 0.25
      }
    },
    {
      "name": "obs-64",
      "shape": {
        "type": "rectangle",
        "bottomLeft": {
          "x": 9,
          "y": 19.75
        },
        "width": 0.25,
        "height": 0.25
      }
    },
    {
      "name": "obs-65",
      "shape": {
        "type": "rectangle",
        "bottomLeft": {
          "x": 6.5,
          "y": 15.5
        },
        "width": 0.25,
        "height": 0.25
      }
    },
    {
      "name": "obs-66",
      "shape": {
        "type": "rectangle",
        "bottomLeft": {
          "x": 9.75,
          "y": 15.5
        },
        "width": 0.25,
        "height": 0.25
      }
    },
    {
      "name": "obs-67",
      "shape": {
        "type": "rectangle",
        "bottomLeft": {
          "x": 6.5,
          "y": 16.5
        },
        "width": 0.25,
        "height": 0.25
      }
    },
    {
      "name": "obs-68",
      "shape": {
        "type": "rectangle",
        "bottomLeft": {
          "x": 9.75,
          "y": 16.5
        },
        "width": 0.25,
        "height": 0.25
      }
    },
    {
      "name": "obs-69",
      "shape": {
        "type": "rectangle",
        "bottomLeft": {
          "x": 6.5,
          "y": 17.5
        },
        "width": 0.25,
        "height": 0.25
      }
    },
    {
      "name": "obs-70",
      "shape": {
        "type": "rectangle",
        "bottomLeft": {
          "x": 9.75,
          "y": 17.5
        },
        "width": 0.25,
        "height": 0.25
      }
    },
    {
      "name": "obs-71",
      "shape": {
        "type": "rectangle",
        "bottomLeft": {
          "x": 6.5,
          "y": 18.5
        },
        "width": 0.25,
        "height": 0.25
      }
    },
    {
      "name": "obs-72",
      "shape": {
        "type": "rectangle",
        "bottomLeft": {
          "x": 9.75,
          "y": 18.5
        },
        "width": 0.25,
        "height": 0.25
      }
    },
    {
      "name": "obs-73",
      "shape": {
        "type": "rectangle",
        "bottomLeft": {
          "x": 6.5,
          "y": 19.5
        },
        "width": 0.25,
        "height": 0.25
      }
    },
    {
      "name": "obs-74",
      "shape": {
        "type": "rectangle",
        "bottomLeft": {
          "x": 9.75,
          "y": 19.5
        },
        "width": 0.25,
        "height": 0.25
      }
    },
    {
      "name": "obs-75",
      "shape": {
        "type": "rectangle",
        "bottomLeft": {
          "x": 12.75,
          "y": 20.25
        },
        "width": 3.25,
        "height": 0.25
      }
    },
    {
      "name": "obs-76",
      "shape": {
        "type": "rectangle",
        "bottomLeft": {
          "x": 15.75,
          "y": 15.75
        },
        "width": 0.25,
        "height": 4.75
      }
    },
    {
      "name": "obs-77",
      "shape": {
        "type": "rectangle",
        "bottomLeft": {
          "x": 12.75,
          "y": 14.5
        },
        "width": 3.25,
        "height": 0.25
      }
    },
    {
      "name": "obs-78",
      "shape": {
        "type": "rectangle",
        "bottomLeft": {
          "x": 11.5,
          "y": 15.75
        },
        "width": 0.25,
        "height": 4.75
      }
    },
    {
      "name": "obs-79",
      "shape": {
        "type": "rectangle",
        "bottomLeft": {
          "x": 13.201690241766977,
          "y": 17.029134995100655
        },
        "width": 0.25,
        "height": 2
      }
    },
    {
      "name": "obs-80",
      "shape": {
        "type": "rectangle",
        "bottomLeft": {
          "x": 13.451690241766977,
          "y": 17.904134995100655
        },
        "width": 0.25,
        "height": 0.25
      }
    },
    {
      "name": "obs-81",
      "shape": {
        "type": "rectangle",
        "bottomLeft": {
          "x": 14.930895568460432,
          "y": 16.935039056170652
        },
        "width": 0.5,
        "height": 0.5
      }
    },
    {
      "name": "obs-82",
      "shape": {
        "type": "rectangle",
        "bottomLeft": {
          "x": 14.048309758233023,
          "y": 15.970865004899345
        },
        "width": 0.25,
        "height": 2
      }
    },
    {
      "name": "obs-83",
      "shape": {
        "type": "rectangle",
        "bottomLeft": {
          "x": 13.798309758233023,
          "y": 16.845865004899345
        },
        "width": 0.25,
        "height": 0.25
      }
    },
    {
      "name": "obs-84",
      "shape": {
        "type": "rectangle",
        "bottomLeft": {
          "x": 12.069104431539568,
          "y": 17.564960943829348
        },
        "width": 0.5,
        "height": 0.5
      }
    },
    {
      "name": "obs-85",
      "shape": {
        "type": "rectangle",
        "bottomLeft": {
          "x": 17.75,
          "y": 15.25
        },
        "width": 3,
        "height": 4.5
      }
    },
    {
      "name": "obs-86",
      "shape": {
        "type": "rectangle",
        "bottomLeft": {
          "x": 18,
          "y": 15
        },
        "width": 0.25,
        "height": 0.25
      }
    },
    {
      "name": "obs-87",
      "shape": {
        "type": "rectangle",
        "bottomLeft": {
          "x": 18,
          "y": 19.75
        },
        "width": 0.25,
        "height": 0.25
      }
    },
    {
      "name": "obs-88",
      "shape": {
        "type": "rectangle",
        "bottomLeft": {
          "x": 19,
          "y": 15
        },
        "width": 0.25,
        "height": 0.25
      }
    },
    {
      "name": "obs-89",
      "shape": {
        "type": "rectangle",
        "bottomLeft": {
          "x": 19,
          "y": 19.75
        },
        "width": 0.25,
        "height": 0.25
      }
    },
    {
      "name": "obs-90",
      "shape": {
        "type": "rectangle",
        "bottomLeft": {
          "x": 20,
          "y": 15
        },
        "width": 0.25,
        "height": 0.25
      }
    },
    {
      "name": "obs-91",
      "shape": {
        "type": "rectangle",
        "bottomLeft": {
          "x": 20,
          "y": 19.75
        },
        "width": 0.25,
        "height": 0.25
      }
    },
    {
      "name": "obs-92",
      "shape": {
        "type": "rectangle",
        "bottomLeft": {
          "x": 17.5,
          "y": 15.5
        },
        "width": 0.25,
        "height": 0.25
      }
    },
    {
      "name": "obs-93",
      "shape": {
        "type": "rectangle",
        "bottomLeft": {
          "x": 20.75,
          "y": 15.5
        },
        "width": 0.25,
        "height": 0.25
      }
    },
    {
      "name": "obs-94",
      "shape": {
        "type": "rectangle",
        "bottomLeft": {
          "x": 17.5,
          "y": 16.5
        },
        "width": 0.25,
        "height": 0.25
      }
    },
    {
      "name": "obs-95",
      "shape": {
        "type": "rectangle",
        "bottomLeft": {
          "x": 20.75,
          "y": 16.5
        },
        "width": 0.25,
        "height": 0.25
      }
    },
    {
      "name": "obs-96",
      "shape": {
        "type": "rectangle",
        "bottomLeft": {
          "x": 17.5,
          "y": 17.5
        },
        "width": 0.25,
        "height": 0.25
      }
    },
    {
      "name": "obs-97",
      "shape": {
        "type": "rectangle",
        "bottomLeft": {
          "x": 20.75,
          "y": 17.5
        },
        "width": 0.25,
        "height": 0.25
      }
    },
    {
      "name": "obs-98",
      "shape": {
        "type": "rectangle",
        "bottomLeft": {
          "x": 17.5,
          "y": 18.5
        },
        "width": 0.25,
        "height": 0.25
      }
    },
    {
      "name": "obs-99",
      "shape": {
        "type": "rectangle",
        "bottomLeft": {
          "x": 20.75,
          "y": 18.5
        },
        "width": 0.25,
        "height": 0.25
      }
    },
    {
      "name": "obs-100",
      "shape": {
        "type": "rectangle",
        "bottomLeft": {
          "x": 17.5,
          "y": 19.5
        },
        "width": 0.25,
        "height": 0.25
      }
    },
    {
      "name": "obs-101",
      "shape": {
        "type": "rectangle",
        "bottomLeft": {
          "x": 20.75,
          "y": 19.5
        },
        "width": 0.25,
        "height": 0.25
      }
    },
    {
      "name": "obs-102",
      "shape": {
        "type": "rectangle",
        "bottomLeft": {
          "x": 14.66383096565276,
          "y": 26.169055426539202
        },
        "width": 0.75,
        "height": 0.75
      }
    },
    {
      "name": "obs-103",
      "shape": {
        "type": "rectangle",
        "bottomLeft": {
          "x": 18.25,
          "y": 27.25
        },
        "width": 3.25,
        "height": 0.25
      }
    },
    {
      "name": "obs-104",
      "shape": {
        "type": "rectangle",
        "bottomLeft": {
          "x": 21.25,
          "y": 22.75
        },
        "width": 0.25,
        "height": 4.75
      }
    },
    {
      "name": "obs-105",
      "shape": {
        "type": "rectangle",
        "bottomLeft": {
          "x": 18.25,
          "y": 21.5
        },
        "width": 3.25,
        "height": 0.25
      }
    },
    {
      "name": "obs-106",
      "shape": {
        "type": "rectangle",
        "bottomLeft": {
          "x": 17,
          "y": 22.75
        },
        "width": 0.25,
        "height": 4.75
      }
    },
    {
      "name": "obs-107",
      "shape": {
        "type": "rectangle",
        "bottomLeft": {
          "x": 18.68900089446959,
          "y": 21.867010300140514
        },
        "width": 0.25,
        "height": 2
      }
    },
    {
      "name": "obs-108",
      "shape": {
        "type": "rectangle",
        "bottomLeft": {
          "x": 18.43900089446959,
          "y": 22.742010300140514
        },
        "width": 0.25,
        "height": 0.25
      }
    },
    {
      "name": "obs-109",
      "shape": {
        "type": "rectangle",
        "bottomLeft": {
          "x": 20.214313688598008,
          "y": 24.811843769790038
        },
        "width": 0.5,
        "height": 0.5
      }
    },
    {
      "name": "obs-110",
      "shape": {
        "type": "rectangle",
        "bottomLeft": {
          "x": 19.56099910553041,
          "y": 25.132989699859486
        },
        "width": 0.25,
        "height": 2
      }
    },
    {
      "name": "obs-111",
      "shape": {
        "type": "rectangle",
        "bottomLeft": {
          "x": 19.81099910553041,
          "y": 26.007989699859486
        },
        "width": 0.25,
        "height": 0.25
      }
    },
    {
      "name": "obs-112",
      "shape": {
        "type": "rectangle",
        "bottomLeft": {
          "x": 17.785686311401992,
          "y": 23.688156230209962
        },
        "width": 0.5,
        "height": 0.5
      }
    },
    {
      "name": "obs-113",
      "shape": {
        "type": "rectangle",
        "bottomLeft": {
          "x": 1.75,
          "y": 27.25
        },
        "width": 3.25,
        "height": 0.25
      }
    },
    {
      "name": "obs-114",
      "shape": {
        "type": "rectangle",
        "bottomLeft": {
          "x": 4.75,
          "y": 22.75
        },
        "width": 0.25,
        "height": 4.75
      }
    },
    {
      "name": "obs-115",
      "shape": {
        "type": "rectangle",
        "bottomLeft": {
          "x": 1.75,
          "y": 21.5
        },
        "width": 3.25,
        "height": 0.25
      }
    },
    {
      "name": "obs-116",
      "shape": {
        "type": "rectangle",
        "bottomLeft": {
          "x": 0.5,
          "y": 22.75
        },
        "width": 0.25,
        "height": 4.75
      }
    },
    {
      "name": "obs-117",
      "shape": {
        "type": "rectangle",
        "bottomLeft": {
          "x": 2.2147082937713307,
          "y": 22.532003508596034
        },
        "width": 0.25,
        "height": 2
      }
    },
    {
      "name": "obs-118",
      "shape": {
        "type": "rectangle",
        "bottomLeft": {
          "x": 2.4647082937713307,
          "y": 23.407003508596034
        },
        "width": 0.25,
        "height": 0.25
      }
    },
    {
      "name": "obs-119",
      "shape": {
        "type": "rectangle",
        "bottomLeft": {
          "x": 1.2307499948972178,
          "y": 22.396995397988871
        },
        "width": 0.5,
        "height": 0.5
      }
    },
    {
      "name": "obs-120",
      "shape": {
        "type": "rectangle",
        "bottomLeft": {
          "x": 3.0352917062286693,
          "y": 24.467996491403966
        },
        "width": 0.25,
        "height": 2
      }
    },
    {
      "name": "obs-121",
      "shape": {
        "type": "rectangle",
        "bottomLeft": {
          "x": 2.7852917062286693,
          "y": 25.342996491403966
        },
        "width": 0.25,
        "height": 0.25
      }
    },
    {
      "name": "obs-122",
      "shape": {
        "type": "rectangle",
        "bottomLeft": {
          "x": 3.7692500051027817,
          "y": 26.103004602011129
        },
        "width": 0.5,
        "height": 0.5
      }
    },
    {
      "name": "obs-123",
      "shape": {
        "type": "rectangle",
        "bottomLeft": {
          "x": 7.25,
          "y": 27.25
        },
        "width": 3.25,
        "height": 0.25
      }
    },
    {
      "name": "obs-124",
      "shape": {
        "type": "rectangle",
        "bottomLeft": {
          "x": 10.25,
          "y": 22.75
        },
        "width": 0.25,
        "height": 4.75
      }
    },
    {
      "name": "obs-125",
      "shape": {
        "type": "rectangle",
        "bottomLeft": {
          "x": 7.25,
          "y": 21.5
        },
        "width": 3.25,
        "height": 0.25
      }
    },
    {
      "name": "obs-126",
      "shape": {
        "type": "rectangle",
        "bottomLeft": {
          "x": 6,
          "y": 22.75
        },
        "width": 0.25,
        "height": 4.75
      }
    },
    {
      "name": "obs-127",
      "shape": {
        "type": "rectangle",
        "bottomLeft": {
          "x": 6.5809059607519806,
          "y": 24.8937281073083
        },
        "width": 0.25,
        "height": 2
      }
    },
    {
      "name": "obs-128",
      "shape": {
        "type": "rectangle",
        "bottomLeft": {
          "x": 6.3309059607519806,
          "y": 25.7687281073083
        },
        "width": 0.25,
        "height": 0.25
      }
    },
    {
      "name": "obs-129",
      "shape": {
        "type": "rectangle",
        "bottomLeft": {
          "x": 9.26998753310939,
          "y": 25.442360402367871
        },
        "width": 0.5,
        "height": 0.5
      }
    }
  ],
  "accesses": [
    {
      "id": 0,
      "shape": {
        "type": "rectangle",
        "bottomLeft": {
          "y": 0,
          "x": 10
        },
        "width": 1,
        "height": 0.5
      }
    },
    {
      "id": 0,
      "shape": {
        "type": "rectangle",
        "bottomLeft": {
          "y": 0,
          "x": 11
        },
        "width": 1,
        "height": 0.5
      }
    }
  ]
}
]	,
	"gateways": [
{
  "id": 0,
  "domain1": 1,
  "domain2": 0
}
	]
}