{
	"domains": [
{
  "id": 1,
  "width": 25,
  "height": 21,
  "obstacles": [
    {
      "name": "obs-1",
      "shape": {
        "type": "rectangle",
        "bottomLeft": {
          "x": 1.3816492266997478,
          "y": 8.2769387644815158
        },
        "width": 0.75,
        "height": 0.75
      }
    },
    {
      "name": "obs-2",
      "shape": {
        "type": "rectangle",
        "bottomLeft": {
          "x": 8,
          "y": 4.5
        },
        "width": 4,
        "height": 0.25
      }
    },
    {
      "name": "obs-3",
      "shape": {
        "type": "rectangle",
        "bottomLeft": {
          "x": 11.75,
          "y": 1.75
        },
        "width": 0.25,
        "height": 3
      }
    },
    {
      "name": "obs-4",
      "shape": {
        "type": "rectangle",
        "bottomLeft": {
          "x": 8,
          "y": 0.5
        },
        "width": 4,
        "height": 0.25
      }
    },
    {
      "name": "obs-5",
      "shape": {
        "type": "rectangle",
        "bottomLeft": {
          "x": 6.75,
          "y": 1.75
        },
        "width": 0.25,
        "height": 3
      }
    },
    {
      "name": "obs-6",
      "shape": {
        "type": "rectangle",
        "bottomLeft": {
          "x": 9.33194224325418,
          "y": 1.8075803267573636
        },
        "width": 2,
        "height": 0.25
      }
    },
    {
      "name": "obs-7",
      "shape": {
        "type": "rectangle",
        "bottomLeft": {
          "x": 10.206942243254179,
          "y": 2.0575803267573636
        },
        "width": 0.25,
        "height": 0.25
      }
    },
    {
      "name": "obs-8",
      "shape": {
        "type": "rectangle",
        "bottomLeft": {
          "x": 9.3476312413983642,
          "y": 3.8345827926765721
        },
        "width": 0.5,
        "height": 0.5
      }
    },
    {
      "name": "obs-9",
      "shape": {
        "type": "rectangle",
        "bottomLeft": {
          "x": 7.4180577567458208,
          "y": 3.1924196732426364
        },
        "width": 2,
        "height": 0.25
      }
    },
    {
      "name": "obs-10",
      "shape": {
        "type": "rectangle",
        "bottomLeft": {
          "x": 8.29305775674582,
          "y": 2.9424196732426364
        },
        "width": 0.25,
        "height": 0.25
      }
    },
    {
      "name": "obs-11",
      "shape": {
        "type": "rectangle",
        "bottomLeft": {
          "x": 8.9023687586016358,
          "y": 0.91541720732342791
        },
        "width": 0.5,
        "height": 0.5
      }
    },
    {
      "name": "obs-12",
      "shape": {
        "type": "rectangle",
        "bottomLeft": {
          "x": 8,
          "y": 9.75
        },
        "width": 4,
        "height": 0.25
      }
    },
    {
      "name": "obs-13",
      "shape": {
        "type": "rectangle",
        "bottomLeft": {
          "x": 11.75,
          "y": 7
        },
        "width": 0.25,
        "height": 3
      }
    },
    {
      "name": "obs-14",
      "shape": {
        "type": "rectangle",
        "bottomLeft": {
          "x": 8,
          "y": 5.75
        },
        "width": 4,
        "height": 0.25
      }
    },
    {
      "name": "obs-15",
      "shape": {
        "type": "rectangle",
        "bottomLeft": {
          "x": 6.75,
          "y": 7
        },
        "width": 0.25,
        "height": 3
      }
    },
    {
      "name": "obs-16",
      "shape": {
        "type": "rectangle",
        "bottomLeft": {
          "x": 7.8782611943900029,
          "y": 6.3291804194953265
        },
        "width": 2,
        "height": 0.25
      }
    },
    {
      "name": "obs-17",
      "shape": {
        "type": "rectangle",
        "bottomLeft": {
          "x": 8.7532611943900029,
          "y": 6.0791804194953265
        },
        "width": 0.25,
        "height": 0.25
      }
    },
    {
      "name": "obs-18",
      "shape": {
        "type": "rectangle",
        "bottomLeft": {
          "x": 10.357929774593606,
          "y": 8.9425510426002326
        },
        "width": 0.5,
        "height": 0.5
      }
    },
    {
      "name": "obs-19",
      "shape": {
        "type": "rectangle",
        "bottomLeft": {
          "x": 8.8717388056099971,
          "y": 9.1708195805046735
        },
        "width": 2,
        "height": 0.25
      }
    },
    {
      "name": "obs-20",
      "shape": {
        "type": "rectangle",
        "bottomLeft": {
          "x": 9.7467388056099971,
          "y": 9.4208195805046735
        },
        "width": 0.25,
        "height": 0.25
      }
    },
    {
      "name": "obs-21",
      "shape": {
        "type": "rectangle",
        "bottomLeft": {
          "x": 7.8920702254063944,
          "y": 6.3074489573997674
        },
        "width": 0.5,
        "height": 0.5
      }
    },
    {
      "name": "obs-22",
      "shape": {
        "type": "rectangle",
        "bottomLeft": {
          "x": 14.25,
          "y": 9.75
        },
        "width": 4,
        "height": 0.25
      }
    },
    {
      "name": "obs-23",
      "shape": {
        "type": "rectangle",
        "bottomLeft": {
          "x": 18,
          "y": 7
        },
        "width": 0.25,
        "height": 3
      }
    },
    {
      "name": "obs-24",
      "shape": {
        "type": "rectangle",
        "bottomLeft": {
          "x": 14.25,
          "y": 5.75
        },
        "width": 4,
        "height": 0.25
      }
    },
    {
      "name": "obs-25",
      "shape": {
        "type": "rectangle",
        "bottomLeft": {
          "x": 13,
          "y": 7
        },
        "width": 0.25,
        "height": 3
      }
    },
    {
      "name": "obs-26",
      "shape": {
        "type": "rectangle",
        "bottomLeft": {
          "x": 15.468058675051234,
          "y": 7.11005248361253
        },
        "width": 2,
        "height": 0.25
      }
    },
    {
      "name": "obs-27",
      "shape": {
        "type": "rectangle",
        "bottomLeft": {
          "x": 16.343058675051232,
          "y": 7.36005248361253
        },
        "width": 0.25,
        "height": 0.25
      }
    },
    {
      "name": "obs-28",
      "shape": {
        "type": "rectangle",
        "bottomLeft": {
          "x": 16.696607939309036,
          "y": 8.0871982909084288
        },
        "width": 0.5,
        "height": 0.5
      }
    },
    {
      "name": "obs-29",
      "shape": {
        "type": "rectangle",
        "bottomLeft": {
          "x": 13.781941324948766,
          "y": 8.3899475163874691
        },
        "width": 2,
        "height": 0.25
      }
    },
    {
      "name": "obs-30",
      "shape": {
        "type": "rectangle",
        "bottomLeft": {
          "x": 14.656941324948768,
          "y": 8.1399475163874691
        },
        "width": 0.25,
        "height": 0.25
      }
    },
    {
      "name": "obs-31",
      "shape": {
        "type": "rectangle",
        "bottomLeft": {
          "x": 14.053392060690964,
          "y": 7.1628017090915712
        },
        "width": 0.5,
        "height": 0.5
      }
    },
    {
      "name": "obs-32",
      "shape": {
        "type": "rectangle",
        "bottomLeft": {
          "x": 20.5,
          "y": 4.5
        },
        "width": 4,
        "height": 0.25
      }
    },
    {
      "name": "obs-33",
      "shape": {
        "type": "rectangle",
        "bottomLeft": {
          "x": 24.25,
          "y": 1.75
        },
        "width": 0.25,
        "height": 3
      }
    },
    {
      "name": "obs-34",
      "shape": {
        "type": "rectangle",
        "bottomLeft": {
          "x": 20.5,
          "y": 0.5
        },
        "width": 4,
        "height": 0.25
      }
    },
    {
      "name": "obs-35",
      "shape": {
        "type": "rectangle",
        "bottomLeft": {
          "x": 19.25,
          "y": 1.75
        },
        "width": 0.25,
        "height": 3
      }
    },
    {
      "name": "obs-36",
      "shape": {
        "type": "rectangle",
        "bottomLeft": {
          "x": 19.553194246320167,
          "y": 1.8546056509961952
        },
        "width": 2,
        "height": 0.25
      }
    },
    {
      "name": "obs-37",
      "shape": {
        "type": "rectangle",
        "bottomLeft": {
          "x": 20.428194246320167,
          "y": 1.6046056509961952
        },
        "width": 0.25,
        "height": 0.25
      }
    },
    {
      "name": "obs-38",
      "shape": {
        "type": "rectangle",
        "bottomLeft": {
          "x": 22.147044532525207,
          "y": 3.1548424328431577
        },
        "width": 0.5,
        "height": 0.5
      }
    },
    {
      "name": "obs-39",
      "shape": {
        "type": "rectangle",
        "bottomLeft": {
          "x": 20.5,
          "y": 9.75
        },
        "width": 4,
        "height": 0.25
      }
    },
    {
      "name": "obs-40",
      "shape": {
        "type": "rectangle",
        "bottomLeft": {
          "x": 24.25,
          "y": 7
        },
        "width": 0.25,
        "height": 3
      }
    },
    {
      "name": "obs-41",
      "shape": {
        "type": "rectangle",
        "bottomLeft": {
          "x": 20.5,
          "y": 5.75
        },
        "width": 4,
        "height": 0.25
      }
    },
    {
      "name": "obs-42",
      "shape": {
        "type": "rectangle",
        "bottomLeft": {
          "x": 19.25,
          "y": 7
        },
        "width": 0.25,
        "height": 3
      }
    },
    {
      "name": "obs-43",
      "shape": {
        "type": "rectangle",
        "bottomLeft": {
          "x": 21.282155215433487,
          "y": 7.03307444661699
        },
        "width": 2,
        "height": 0.25
      }
    },
    {
      "name": "obs-44",
      "shape": {
        "type": "rectangle",
        "bottomLeft": {
          "x": 22.157155215433487,
          "y": 6.78307444661699
        },
        "width": 0.25,
        "height": 0.25
      }
    },
    {
      "name": "obs-45",
      "shape": {
        "type": "rectangle",
        "bottomLeft": {
          "x": 22.76243699849206,
          "y": 7.0857694064826022
        },
        "width": 0.5,
        "height": 0.5
      }
    },
    {
      "name": "obs-46",
      "shape": {
        "type": "rectangle",
        "bottomLeft": {
          "x": 14.25,
          "y": 15
        },
        "width": 4,
        "height": 0.25
      }
    },
    {
      "name": "obs-47",
      "shape": {
        "type": "rectangle",
        "bottomLeft": {
          "x": 18,
          "y": 12.25
        },
        "width": 0.25,
        "height": 3
      }
    },
    {
      "name": "obs-48",
      "shape": {
        "type": "rectangle",
        "bottomLeft": {
          "x": 14.25,
          "y": 11
        },
        "width": 4,
        "height": 0.25
      }
    },
    {
      "name": "obs-49",
      "shape": {
        "type": "rectangle",
        "bottomLeft": {
          "x": 13,
          "y": 12.25
        },
        "width": 0.25,
        "height": 3
      }
    },
    {
      "name": "obs-50",
      "shape": {
        "type": "rectangle",
        "bottomLeft": {
          "x": 14.077692717062568,
          "y": 11.59640665676506
        },
        "width": 2,
        "height": 0.25
      }
    },
    {
      "name": "obs-51",
      "shape": {
        "type": "rectangle",
        "bottomLeft": {
          "x": 14.952692717062568,
          "y": 11.34640665676506
        },
        "width": 0.25,
        "height": 0.25
      }
    },
    {
      "name": "obs-52",
      "shape": {
        "type": "rectangle",
        "bottomLeft": {
          "x": 16.264529325528603,
          "y": 14.415396831237093
        },
        "width": 0.5,
        "height": 0.5
      }
    },
    {
      "name": "obs-53",
      "shape": {
        "type": "rectangle",
        "bottomLeft": {
          "x": 15.172307282937432,
          "y": 14.40359334323494
        },
        "width": 2,
        "height": 0.25
      }
    },
    {
      "name": "obs-54",
      "shape": {
        "type": "rectangle",
        "bottomLeft": {
          "x": 16.047307282937432,
          "y": 14.65359334323494
        },
        "width": 0.25,
        "height": 0.25
      }
    },
    {
      "name": "obs-55",
      "shape": {
        "type": "rectangle",
        "bottomLeft": {
          "x": 14.485470674471397,
          "y": 11.334603168762907
        },
        "width": 0.5,
        "height": 0.5
      }
    },
    {
      "name": "obs-56",
      "shape": {
        "type": "rectangle",
        "bottomLeft": {
          "x": 14.25,
          "y": 20.25
        },
        "width": 4,
        "height": 0.25
      }
    },
    {
      "name": "obs-57",
      "shape": {
        "type": "rectangle",
        "bottomLeft": {
          "x": 18,
          "y": 17.5
        },
        "width": 0.25,
        "height": 3
      }
    },
    {
      "name": "obs-58",
      "shape": {
        "type": "rectangle",
        "bottomLeft": {
          "x": 14.25,
          "y": 16.25
        },
        "width": 4,
        "height": 0.25
      }
    },
    {
      "name": "obs-59",
      "shape": {
        "type": "rectangle",
        "bottomLeft": {
          "x": 13,
          "y": 17.5
        },
        "width": 0.25,
        "height": 3
      }
    },
    {
      "name": "obs-60",
      "shape": {
        "type": "rectangle",
        "bottomLeft": {
          "x": 14.39263509036831,
          "y": 17.07180025318209
        },
        "width": 2,
        "height": 0.25
      }
    },
    {
      "name": "obs-61",
      "shape": {
        "type": "rectangle",
        "bottomLeft": {
          "x": 15.26763509036831,
          "y": 17.32180025318209
        },
        "width": 0.25,
        "height": 0.25
      }
    },
    {
      "name": "obs-62",
      "shape": {
        "type": "rectangle",
        "bottomLeft": {
          "x": 17.170413512651198,
          "y": 18.852711603513747
        },
        "width": 0.5,
        "height": 0.5
      }
    },
    {
      "name": "obs-63",
      "shape": {
        "type": "rectangle",
        "bottomLeft": {
          "x": 20.5,
          "y": 15
        },
        "width": 4,
        "height": 0.25
      }
    },
    {
      "name": "obs-64",
      "shape": {
        "type": "rectangle",
        "bottomLeft": {
          "x": 24.25,
          "y": 12.25
        },
        "width": 0.25,
        "height": 3
      }
    },
    {
      "name": "obs-65",
      "shape": {
        "type": "rectangle",
        "bottomLeft": {
          "x": 20.5,
          "y": 11
        },
        "width": 4,
        "height": 0.25
      }
    },
    {
      "name": "obs-66",
      "shape": {
        "type": "rectangle",
        "bottomLeft": {
          "x": 19.25,
          "y": 12.25
        },
        "width": 0.25,
        "height": 3
      }
    },
    {
      "name": "obs-67",
      "shape": {
        "type": "rectangle",
        "bottomLeft": {
          "x": 21.030433041147298,
          "y": 11.91223061242167
        },
        "width": 2,
        "height": 0.25
      }
    },
    {
      "name": "obs-68",
      "shape": {
        "type": "rectangle",
        "bottomLeft": {
          "x": 21.905433041147298,
          "y": 12.16223061242167
        },
        "width": 0.25,
        "height": 0.25
      }
    },
    {
      "name": "obs-69",
      "shape": {
        "type": "rectangle",
        "bottomLeft": {
          "x": 20.833136400689256,
          "y": 14.274989247992625
        },
        "width": 0.5,
        "height": 0.5
      }
    },
    {
      "name": "obs-70",
      "shape": {
        "type": "rectangle",
        "bottomLeft": {
          "x": 20.5,
          "y": 20.25
        },
        "width": 4,
        "height": 0.25
      }
    },
    {
      "name": "obs-71",
      "shape": {
        "type": "rectangle",
        "bottomLeft": {
          "x": 24.25,
          "y": 17.5
        },
        "width": 0.25,
        "height": 3
      }
    },
    {
      "name": "obs-72",
      "shape": {
        "type": "rectangle",
        "bottomLeft": {
          "x": 20.5,
          "y": 16.25
        },
        "width": 4,
        "height": 0.25
      }
    },
    {
      "name": "obs-73",
      "shape": {
        "type": "rectangle",
        "bottomLeft": {
          "x": 19.25,
          "y": 17.5
        },
        "width": 0.25,
        "height": 3
      }
    },
    {
      "name": "obs-74",
      "shape": {
        "type": "rectangle",
        "bottomLeft": {
          "x": 21.460648030640847,
          "y": 17.336770177820277
        },
        "width": 2,
        "height": 0.25
      }
    },
    {
      "name": "obs-75",
      "shape": {
        "type": "rectangle",
        "bottomLeft": {
          "x": 22.335648030640847,
          "y": 17.586770177820277
        },
        "width": 0.25,
        "height": 0.25
      }
    },
    {
      "name": "obs-76",
      "shape": {
        "type": "rectangle",
        "bottomLeft": {
          "x": 20.080059181336061,
          "y": 16.970988251189659
        },
        "width": 0.5,
        "height": 0.5
      }
    },
    {
      "name": "obs-77",
      "shape": {
        "type": "rectangle",
        "bottomLeft": {
          "x": 20.289351969359153,
          "y": 19.163229822179723
        },
        "width": 2,
        "height": 0.25
      }
    },
    {
      "name": "obs-78",
      "shape": {
        "type": "rectangle",
        "bottomLeft": {
          "x": 21.164351969359153,
          "y": 18.913229822179723
        },
        "width": 0.25,
        "height": 0.25
      }
    },
    {
      "name": "obs-79",
      "shape": {
        "type": "rectangle",
        "bottomLeft": {
          "x": 23.169940818663939,
          "y": 19.279011748810341
        },
        "width": 0.5,
        "height": 0.5
      }
    },
    {
      "name": "obs-80",
      "shape": {
        "type": "rectangle",
        "bottomLeft": {
          "x": 1.75,
          "y": 15
        },
        "width": 4,
        "height": 0.25
      }
    },
    {
      "name": "obs-81",
      "shape": {
        "type": "rectangle",
        "bottomLeft": {
          "x": 5.5,
          "y": 12.25
        },
        "width": 0.25,
        "height": 3
      }
    },
    {
      "name": "obs-82",
      "shape": {
        "type": "rectangle",
        "bottomLeft": {
          "x": 1.75,
          "y": 11
        },
        "width": 4,
        "height": 0.25
      }
    },
    {
      "name": "obs-83",
      "shape": {
        "type": "rectangle",
        "bottomLeft": {
          "x": 0.5,
          "y": 12.25
        },
        "width": 0.25,
        "height": 3
      }
    },
    {
      "name": "obs-84",
      "shape": {
        "type": "rectangle",
        "bottomLeft": {
          "x": 1.3904277897305439,
          "y": 12.294119790953475
        },
        "width": 2,
        "height": 0.25
      }
    },
    {
      "name": "obs-85",
      "shape": {
        "type": "rectangle",
        "bottomLeft": {
          "x": 2.2654277897305439,
          "y": 12.044119790953475
        },
        "width": 0.25,
        "height": 0.25
      }
    },
    {
      "name": "obs-86",
      "shape": {
        "type": "rectangle",
        "bottomLeft": {
          "x": 4.347612152876275,
          "y": 14.464513775132907
        },
        "width": 0.5,
        "height": 0.5
      }
    },
    {
      "name": "obs-87",
      "shape": {
        "type": "rectangle",
        "bottomLeft": {
          "x": 8,
          "y": 15
        },
        "width": 4,
        "height": 0.25
      }
    },
    {
      "name": "obs-88",
      "shape": {
        "type": "rectangle",
        "bottomLeft": {
          "x": 11.75,
          "y": 12.25
        },
        "width": 0.25,
        "height": 3
      }
    },
    {
      "name": "obs-89",
      "shape": {
        "type": "rectangle",
        "bottomLeft": {
          "x": 8,
          "y": 11
        },
        "width": 4,
        "height": 0.25
      }
    },
    {
      "name": "obs-90",
      "shape": {
        "type": "rectangle",
        "bottomLeft": {
          "x": 6.75,
          "y": 12.25
        },
        "width": 0.25,
        "height": 3
      }
    },
    {
      "name": "obs-91",
      "shape": {
        "type": "rectangle",
        "bottomLeft": {
          "x": 7.9785327196221552,
          "y": 11.55982730737637
        },
        "width": 2,
        "height": 0.25
      }
    },
    {
      "name": "obs-92",
      "shape": {
        "type": "rectangle",
        "bottomLeft": {
          "x": 8.8535327196221552,
          "y": 11.80982730737637
        },
        "width": 0.25,
        "height": 0.25
      }
    },
    {
      "name": "obs-93",
      "shape": {
        "type": "rectangle",
        "bottomLeft": {
          "x": 8.3283152269451151,
          "y": 13.465066889744243
        },
        "width": 0.5,
        "height": 0.5
      }
    },
    {
      "name": "obs-94",
      "shape": {
        "type": "rectangle",
        "bottomLeft": {
          "x": 8.7714672803778448,
          "y": 14.44017269262363
        },
        "width": 2,
        "height": 0.25
      }
    },
    {
      "name": "obs-95",
      "shape": {
        "type": "rectangle",
        "bottomLeft": {
          "x": 9.6464672803778448,
          "y": 14.19017269262363
        },
        "width": 0.25,
        "height": 0.25
      }
    },
    {
      "name": "obs-96",
      "shape": {
        "type": "rectangle",
        "bottomLeft": {
          "x": 9.9216847730548849,
          "y": 12.284933110255757
        },
        "width": 0.5,
        "height": 0.5
      }
    },
    {
      "name": "obs-97",
      "shape": {
        "type": "rectangle",
        "bottomLeft": {
          "x": 10.808701921176969,
          "y": 18.6184428834832
        },
        "width": 0.75,
        "height": 0.75
      }
    },
    {
      "name": "obs-98",
      "shape": {
        "type": "rectangle",
        "bottomLeft": {
          "x": 1.75,
          "y": 20.25
        },
        "width": 4,
        "height": 0.25
      }
    },
    {
      "name": "obs-99",
      "shape": {
        "type": "rectangle",
        "bottomLeft": {
          "x": 5.5,
          "y": 17.5
        },
        "width": 0.25,
        "height": 3
      }
    },
    {
      "name": "obs-100",
      "shape": {
        "type": "rectangle",
        "bottomLeft": {
          "x": 1.75,
          "y": 16.25
        },
        "width": 4,
        "height": 0.25
      }
    },
    {
      "name": "obs-101",
      "shape": {
        "type": "rectangle",
        "bottomLeft": {
          "x": 0.5,
          "y": 17.5
        },
        "width": 0.25,
        "height": 3
      }
    },
    {
      "name": "obs-102",
      "shape": {
        "type": "rectangle",
        "bottomLeft": {
          "x": 1.5724981333029597,
          "y": 17.507676411685221
        },
        "width": 2,
        "height": 0.25
      }
    },
    {
      "name": "obs-103",
      "shape": {
        "type": "rectangle",
        "bottomLeft": {
          "x": 2.4474981333029597,
          "y": 17.257676411685221
        },
        "width": 0.25,
        "height": 0.25
      }
    },
    {
      "name": "obs-104",
      "shape": {
        "type": "rectangle",
        "bottomLeft": {
          "x": 3.9454354689421312,
          "y": 19.357582204920295
        },
        "width": 0.5,
        "height": 0.5
      }
    }
  ],
  "accesses": [
    {
      "id": 0,
      "shape": {
        "type": "rectangle",
        "bottomLeft": {
          "y": 0,
          "x": 11.5
        },
        "width": 1,
        "height": 0.5
      }
    },
    {
      "id": 0,
      "shape": {
        "type": "rectangle",
        "bottomLeft": {
          "y": 0,
          "x": 12.5
        },
        "width": 1,
        "height": 0.5
      }
    }
  ]
}
]	,
	"gateways": [
{
  "id": 0,
  "domain1": 1,
  "domain2": 0
}
	]
}