{
	"domains": [
{
  "id": 1,
  "width": 29,
  "height": 26,
  "obstacles": [
    {
      "name": "obs-1",
      "shape": {
        "type": "rectangle",
        "bottomLeft": {
          "x": 1.25,
          "y": 1.25
        },
        "width": 4.75,
        "height": 4
      }
    },
    {
      "name": "obs-2",
      "shape": {
        "type": "rectangle",
        "bottomLeft": {
          "x": 1.5,
          "y": 1
        },
        "width": 0.25,
        "height": 0.25
      }
    },
    {
      "name": "obs-3",
      "shape": {
        "type": "rectangle",
        "bottomLeft": {
          "x": 1.5,
          "y": 5.25
        },
        "width": 0.25,
        "height": 0.25
      }
    },
    {
      "name": "obs-4",
      "shape": {
        "type": "rectangle",
        "bottomLeft": {
          "x": 2.5,
          "y": 1
        },
        "width": 0.25,
        "height": 0.25
      }
    },
    {
      "name": "obs-5",
      "shape": {
        "type": "rectangle",
        "bottomLeft": {
          "x": 2.5,
          "y": 5.25
        },
        "width": 0.25,
        "height": 0.25
      }
    },
    {
      "name": "obs-6",
      "shape": {
        "type": "rectangle",
        "bottomLeft": {
          "x": 3.5,
          "y": 1
        },
        "width": 0.25,
        "height": 0.25
      }
    },
    {
      "name": "obs-7",
      "shape": {
        "type": "rectangle",
        "bottomLeft": {
          "x": 3.5,
          "y": 5.25
        },
        "width": 0.25,
        "height": 0.25
      }
    },
    {
      "name": "obs-8",
      "shape": {
        "type": "rectangle",
        "bottomLeft": {
          "x": 4.5,
          "y": 1
        },
        "width": 0.25,
        "height": 0.25
      }
    },
    {
      "name": "obs-9",
      "shape": {
        "type": "rectangle",
        "bottomLeft": {
          "x": 4.5,
          "y": 5.25
        },
        "width": 0.25,
        "height": 0.25
      }
    },
    {
      "name": "obs-10",
      "shape": {
        "type": "rectangle",
        "bottomLeft": {
          "x": 5.5,
          "y": 1
        },
        "width": 0.25,
        "height": 0.25
      }
    },
    {
      "name": "obs-11",
      "shape": {
        "type": "rectangle",
        "bottomLeft": {
          "x": 5.5,
          "y": 5.25
        },
        "width": 0.25,
        "height": 0.25
      }
    },
    {
      "name": "obs-12",
      "shape": {
        "type": "rectangle",
        "bottomLeft": {
          "x": 1,
          "y": 1.5
        },
        "width": 0.25,
        "height": 0.25
      }
    },
    {
      "name": "obs-13",
      "shape": {
        "type": "rectangle",
        "bottomLeft": {
          "x": 6,
          "y": 1.5
        },
        "width": 0.25,
        "height": 0.25
      }
    },
    {
      "name": "obs-14",
      "shape": {
        "type": "rectangle",
        "bottomLeft": {
          "x": 1,
          "y": 2.5
        },
        "width": 0.25,
        "height": 0.25
      }
    },
    {
      "name": "obs-15",
      "shape": {
        "type": "rectangle",
        "bottomLeft": {
          "x": 6,
          "y": 2.5
        },
        "width": 0.25,
        "height": 0.25
      }
    },
    {
      "name": "obs-16",
      "shape": {
        "type": "rectangle",
        "bottomLeft": {
          "x": 1,
          "y": 3.5
        },
        "width": 0.25,
        "height": 0.25
      }
    },
    {
      "name": "obs-17",
      "shape": {
        "type": "rectangle",
        "bottomLeft": {
          "x": 6,
          "y": 3.5
        },
        "width": 0.25,
        "height": 0.25
      }
    },
    {
      "name": "obs-18",
      "shape": {
        "type": "rectangle",
        "bottomLeft": {
          "x": 1,
          "y": 4.5
        },
        "width": 0.25,
        "height": 0.25
      }
    },
    {
      "name": "obs-19",
      "shape": {
        "type": "rectangle",
        "bottomLeft": {
          "x": 6,
          "y": 4.5
        },
        "width": 0.25,
        "height": 0.25
      }
    },
    {
      "name": "obs-20",
      "shape": {
        "type": "rectangle",
        "bottomLeft": {
          "x": 1.75,
          "y": 12.25
        },
        "width": 5,
        "height": 0.25
      }
    },
    {
      "name": "obs-21",
      "shape": {
        "type": "rectangle",
        "bottomLeft": {
          "x": 6.5,
          "y": 8.25
        },
        "width": 0.25,
        "height": 4.25
      }
    },
    {
      "name": "obs-22",
      "shape": {
        "type": "rectangle",
        "bottomLeft": {
          "x": 1.75,
          "y": 7
        },
        "width": 5,
        "height": 0.25
      }
    },
    {
      "name": "obs-23",
      "shape": {
        "type": "rectangle",
        "bottomLeft": {
          "x": 0.5,
          "y": 8.25
        },
        "width": 0.25,
        "height": 4.25
      }
    },
    {
      "name": "obs-24",
      "shape": {
        "type": "rectangle",
        "bottomLeft": {
          "x": 3.3492671936737364,
          "y": 8.2707940059237934
        },
        "width": 2,
        "height": 0.25
      }
    },
    {
      "name": "obs-25",
      "shape": {
        "type": "rectangle",
        "bottomLeft": {
          "x": 4.2242671936737359,
          "y": 8.0207940059237934
        },
        "width": 0.25,
        "height": 0.25
      }
    },
    {
      "name": "obs-26",
      "shape": {
        "type": "rectangle",
        "bottomLeft": {
          "x": 3.609407344667185,
          "y": 10.761416440301151
        },
        "width": 0.5,
        "height": 0.5
      }
    },
    {
      "name": "obs-27",
      "shape": {
        "type": "rectangle",
        "bottomLeft": {
          "x": 9,
          "y": 5.75
        },
        "width": 5,
        "height": 0.25
      }
    },
    {
      "name": "obs-28",
      "shape": {
        "type": "rectangle",
        "bottomLeft": {
          "x": 13.75,
          "y": 1.75
        },
        "width": 0.25,
        "height": 4.25
      }
    },
    {
      "name": "obs-29",
      "shape": {
        "type": "rectangle",
        "bottomLeft": {
          "x": 9,
          "y": 0.5
        },
        "width": 5,
        "height": 0.25
      }
    },
    {
      "name": "obs-30",
      "shape": {
        "type": "rectangle",
        "bottomLeft": {
          "x": 7.75,
          "y": 1.75
        },
        "width": 0.25,
        "height": 4.25
      }
    },
    {
      "name": "obs-31",
      "shape": {
        "type": "rectangle",
        "bottomLeft": {
          "x": 8.3458137832689658,
          "y": 2.1434690794161884
        },
        "width": 2,
        "height": 0.25
      }
    },
    {
      "name": "obs-32",
      "shape": {
        "type": "rectangle",
        "bottomLeft": {
          "x": 9.2208137832689658,
          "y": 2.3934690794161884
        },
        "width": 0.25,
        "height": 0.25
      }
    },
    {
      "name": "obs-33",
      "shape": {
        "type": "rectangle",
        "bottomLeft": {
          "x": 9.8982150060785354,
          "y": 1.7627452717792436
        },
        "width": 0.5,
        "height": 0.5
      }
    },
    {
      "name": "obs-34",
      "shape": {
        "type": "rectangle",
        "bottomLeft": {
          "x": 8.5,
          "y": 7.75
        },
        "width": 4.75,
        "height": 4
      }
    },
    {
      "name": "obs-35",
      "shape": {
        "type": "rectangle",
        "bottomLeft": {
          "x": 8.75,
          "y": 7.5
        },
        "width": 0.25,
        "height": 0.25
      }
    },
    {
      "name": "obs-36",
      "shape": {
        "type": "rectangle",
        "bottomLeft": {
          "x": 8.75,
          "y": 11.75
        },
        "width": 0.25,
        "height": 0.25
      }
    },
    {
      "name": "obs-37",
      "shape": {
        "type": "rectangle",
        "bottomLeft": {
          "x": 9.75,
          "y": 7.5
        },
        "width": 0.25,
        "height": 0.25
      }
    },
    {
      "name": "obs-38",
      "shape": {
        "type": "rectangle",
        "bottomLeft": {
          "x": 9.75,
          "y": 11.75
        },
        "width": 0.25,
        "height": 0.25
      }
    },
    {
      "name": "obs-39",
      "shape": {
        "type": "rectangle",
        "bottomLeft": {
          "x": 10.75,
          "y": 7.5
        },
        "width": 0.25,
        "height": 0.25
      }
    },
    {
      "name": "obs-40",
      "shape": {
        "type": "rectangle",
        "bottomLeft": {
          "x": 10.75,
          "y": 11.75
        },
        "width": 0.25,
        "height": 0.25
      }
    },
    {
      "name": "obs-41",
      "shape": {
        "type": "rectangle",
        "bottomLeft": {
          "x": 11.75,
          "y": 7.5
        },
        "width": 0.25,
        "height": 0.25
      }
    },
    {
      "name": "obs-42",
      "shape": {
        "type": "rectangle",
        "bottomLeft": {
          "x": 11.75,
          "y": 11.75
        },
        "width": 0.25,
        "height": 0.25
      }
    },
    {
      "name": "obs-43",
      "shape": {
        "type": "rectangle",
        "bottomLeft": {
          "x": 12.75,
          "y": 7.5
        },
        "width": 0.25,
        "height": 0.25
      }
    },
    {
      "name": "obs-44",
      "shape": {
        "type": "rectangle",
        "bottomLeft": {
          "x": 12.75,
          "y": 11.75
        },
        "width": 0.25,
        "height": 0.25
      }
    },
    {
      "name": "obs-45",
      "shape": {
        "type": "rectangle",
        "bottomLeft": {
          "x": 8.25,
          "y": 8
        },
        "width": 0.25,
        "height": 0.25
      }
    },
    {
      "name": "obs-46",
      "shape": {
        "type": "rectangle",
        "bottomLeft": {
          "x": 13.25,
          "y": 8
        },
        "width": 0.25,
        "height": 0.25
      }
    },
    {
      "name": "obs-47",
      "shape": {
        "type": "rectangle",
        "bottomLeft": {
          "x": 8.25,
          "y": 9
        },
        "width": 0.25,
        "height": 0.25
      }
    },
    {
      "name": "obs-48",
      "shape": {
        "type": "rectangle",
        "bottomLeft": {
          "x": 13.25,
          "y": 9
        },
        "width": 0.25,
        "height": 0.25
      }
    },
    {
      "name": "obs-49",
      "shape": {
        "type": "rectangle",
        "bottomLeft": {
          "x": 8.25,
          "y": 10
        },
        "width": 0.25,
        "height": 0.25
      }
    },
    {
      "name": "obs-50",
      "shape": {
        "type": "rectangle",
        "bottomLeft": {
          "x": 13.25,
          "y": 10
        },
        "width": 0.25,
        "height": 0.25
      }
    },
    {
      "name": "obs-51",
      "shape": {
        "type": "rectangle",
        "bottomLeft": {
          "x": 8.25,
          "y": 11
        },
        "width": 0.25,
        "height": 0.25
      }
    },
    {
      "name": "obs-52",
      "shape": {
        "type": "rectangle",
        "bottomLeft": {
          "x": 13.25,
          "y": 11
        },
        "width": 0.25,
        "height": 0.25
      }
    },
    {
      "name": "obs-53",
      "shape": {
        "type": "rectangle",
        "bottomLeft": {
          "x": 8.5,
          "y": 14.25
        },
        "width": 4.75,
        "height": 4
      }
    },
    {
      "name": "obs-54",
      "shape": {
        "type": "rectangle",
        "bottomLeft": {
          "x": 8.75,
          "y": 14
        },
        "width": 0.25,
        "height": 0.25
      }
    },
    {
      "name": "obs-55",
      "shape": {
        "type": "rectangle",
        "bottomLeft": {
          "x": 8.75,
          "y": 18.25
        },
        "width": 0.25,
        "height": 0.25
      }
    },
    {
      "name": "obs-56",
      "shape": {
        "type": "rectangle",
        "bottomLeft": {
          "x": 9.75,
          "y": 14
        },
        "width": 0.25,
        "height": 0.25
      }
    },
    {
      "name": "obs-57",
      "shape": {
        "type": "rectangle",
        "bottomLeft": {
          "x": 9.75,
          "y": 18.25
        },
        "width": 0.25,
        "height": 0.25
      }
    },
    {
      "name": "obs-58",
      "shape": {
        "type": "rectangle",
        "bottomLeft": {
          "x": 10.75,
          "y": 14
        },
        "width": 0.25,
        "height": 0.25
      }
    },
    {
      "name": "obs-59",
      "shape": {
        "type": "rectangle",
        "bottomLeft": {
          "x": 10.75,
          "y": 18.25
        },
        "width": 0.25,
        "height": 0.25
      }
    },
    {
      "name": "obs-60",
      "shape": {
        "type": "rectangle",
        "bottomLeft": {
          "x": 11.75,
          "y": 14
        },
        "width": 0.25,
        "height": 0.25
      }
    },
    {
      "name": "obs-61",
      "shape": {
        "type": "rectangle",
        "bottomLeft": {
          "x": 11.75,
          "y": 18.25
        },
        "width": 0.25,
        "height": 0.25
      }
    },
    {
      "name": "obs-62",
      "shape": {
        "type": "rectangle",
        "bottomLeft": {
          "x": 12.75,
          "y": 14
        },
        "width": 0.25,
        "height": 0.25
      }
    },
    {
      "name": "obs-63",
      "shape": {
        "type": "rectangle",
        "bottomLeft": {
          "x": 12.75,
          "y": 18.25
        },
        "width": 0.25,
        "height": 0.25
      }
    },
    {
      "name": "obs-64",
      "shape": {
        "type": "rectangle",
        "bottomLeft": {
          "x": 8.25,
          "y": 14.5
        },
        "width": 0.25,
        "height": 0.25
      }
    },
    {
      "name": "obs-65",
      "shape": {
        "type": "rectangle",
        "bottomLeft": {
          "x": 13.25,
          "y": 14.5
        },
        "width": 0.25,
        "height": 0.25
      }
    },
    {
      "name": "obs-66",
      "shape": {
        "type": "rectangle",
        "bottomLeft": {
          "x": 8.25,
          "y": 15.5
        },
        "width": 0.25,
        "height": 0.25
      }
    },
    {
      "name": "obs-67",
      "shape": {
        "type": "rectangle",
        "bottomLeft": {
          "x": 13.25,
          "y": 15.5
        },
        "width": 0.25,
        "height": 0.25
      }
    },
    {
      "name": "obs-68",
      "shape": {
        "type": "rectangle",
        "bottomLeft": {
          "x": 8.25,
          "y": 16.5
        },
        "width": 0.25,
        "height": 0.25
      }
    },
    {
      "name": "obs-69",
      "shape": {
        "type": "rectangle",
        "bottomLeft": {
          "x": 13.25,
          "y": 16.5
        },
        "width": 0.25,
        "height": 0.25
      }
    },
    {
      "name": "obs-70",
      "shape": {
        "type": "rectangle",
        "bottomLeft": {
          "x": 8.25,
          "y": 17.5
        },
        "width": 0.25,
        "height": 0.25
      }
    },
    {
      "name": "obs-71",
      "shape": {
        "type": "rectangle",
        "bottomLeft": {
          "x": 13.25,
          "y": 17.5
        },
        "width": 0.25,
        "height": 0.25
      }
    },
    {
      "name": "obs-72",
      "shape": {
        "type": "rectangle",
        "bottomLeft": {
          "x": 9,
          "y": 25.25
        },
        "width": 5,
        "height": 0.25
      }
    },
    {
      "name": "obs-73",
      "shape": {
        "type": "rectangle",
        "bottomLeft": {
          "x": 13.75,
          "y": 21.25
        },
        "width": 0.25,
        "height": 4.25
      }
    },
    {
      "name": "obs-74",
      "shape": {
        "type": "rectangle",
        "bottomLeft": {
          "x": 9,
          "y": 20
        },
        "width": 5,
        "height": 0.25
      }
    },
    {
      "name": "obs-75",
      "shape": {
        "type": "rectangle",
        "bottomLeft": {
          "x": 7.75,
          "y": 21.25
        },
        "width": 0.25,
        "height": 4.25
      }
    },
    {
      "name": "obs-76",
      "shape": {
        "type": "rectangle",
        "bottomLeft": {
          "x": 10.505505517757253,
          "y": 21.094735161924433
        },
        "width": 2,
        "height": 0.25
      }
    },
    {
      "name": "obs-77",
      "shape": {
        "type": "rectangle",
        "bottomLeft": {
          "x": 11.380505517757253,
          "y": 21.344735161924433
        },
        "width": 0.25,
        "height": 0.25
      }
    },
    {
      "name": "obs-78",
      "shape": {
        "type": "rectangle",
        "bottomLeft": {
          "x": 9.71048757984059,
          "y": 22.253152721685893
        },
        "width": 0.5,
        "height": 0.5
      }
    },
    {
      "name": "obs-79",
      "shape": {
        "type": "rectangle",
        "bottomLeft": {
          "x": 1.75,
          "y": 18.75
        },
        "width": 5,
        "height": 0.25
      }
    },
    {
      "name": "obs-80",
      "shape": {
        "type": "rectangle",
        "bottomLeft": {
          "x": 6.5,
          "y": 14.75
        },
        "width": 0.25,
        "height": 4.25
      }
    },
    {
      "name": "obs-81",
      "shape": {
        "type": "rectangle",
        "bottomLeft": {
          "x": 1.75,
          "y": 13.5
        },
        "width": 5,
        "height": 0.25
      }
    },
    {
      "name": "obs-82",
      "shape": {
        "type": "rectangle",
        "bottomLeft": {
          "x": 0.5,
          "y": 14.75
        },
        "width": 0.25,
        "height": 4.25
      }
    },
    {
      "name": "obs-83",
      "shape": {
        "type": "rectangle",
        "bottomLeft": {
          "x": 1.0011353397480987,
          "y": 14.126983741188909
        },
        "width": 2,
        "height": 0.25
      }
    },
    {
      "name": "obs-84",
      "shape": {
        "type": "rectangle",
        "bottomLeft": {
          "x": 1.8761353397480987,
          "y": 13.876983741188909
        },
        "width": 0.25,
        "height": 0.25
      }
    },
    {
      "name": "obs-85",
      "shape": {
        "type": "rectangle",
        "bottomLeft": {
          "x": 1.5472702342948406,
          "y": 14.200469550616502
        },
        "width": 0.5,
        "height": 0.5
      }
    },
    {
      "name": "obs-86",
      "shape": {
        "type": "rectangle",
        "bottomLeft": {
          "x": 1.75,
          "y": 25.25
        },
        "width": 5,
        "height": 0.25
      }
    },
    {
      "name": "obs-87",
      "shape": {
        "type": "rectangle",
        "bottomLeft": {
          "x": 6.5,
          "y": 21.25
        },
        "width": 0.25,
        "height": 4.25
      }
    },
    {
      "name": "obs-88",
      "shape": {
        "type": "rectangle",
        "bottomLeft": {
          "x": 1.75,
          "y": 20
        },
        "width": 5,
        "height": 0.25
      }
    },
    {
      "name": "obs-89",
      "shape": {
        "type": "rectangle",
        "bottomLeft": {
          "x": 0.5,
          "y": 21.25
        },
        "width": 0.25,
        "height": 4.25
      }
    },
    {
      "name": "obs-90",
      "shape": {
        "type": "rectangle",
        "bottomLeft": {
          "x": 1.7395750160719252,
          "y": 22.121769947444022
        },
        "width": 2,
        "height": 0.25
      }
    },
    {
      "name": "obs-91",
      "shape": {
        "type": "rectangle",
        "bottomLeft": {
          "x": 2.6145750160719254,
          "y": 22.371769947444022
        },
        "width": 0.25,
        "height": 0.25
      }
    },
    {
      "name": "obs-92",
      "shape": {
        "type": "rectangle",
        "bottomLeft": {
          "x": 4.5631773667471958,
          "y": 22.411079802384346
        },
        "width": 0.5,
        "height": 0.5
      }
    },
    {
      "name": "obs-93",
      "shape": {
        "type": "rectangle",
        "bottomLeft": {
          "x": 3.5104249839280746,
          "y": 23.128230052555978
        },
        "width": 2,
        "height": 0.25
      }
    },
    {
      "name": "obs-94",
      "shape": {
        "type": "rectangle",
        "bottomLeft": {
          "x": 4.3854249839280746,
          "y": 22.878230052555978
        },
        "width": 0.25,
        "height": 0.25
      }
    },
    {
      "name": "obs-95",
      "shape": {
        "type": "rectangle",
        "bottomLeft": {
          "x": 2.1868226332528042,
          "y": 22.588920197615654
        },
        "width": 0.5,
        "height": 0.5
      }
    },
    {
      "name": "obs-96",
      "shape": {
        "type": "rectangle",
        "bottomLeft": {
          "x": 16.25,
          "y": 12.25
        },
        "width": 5,
        "height": 0.25
      }
    },
    {
      "name": "obs-97",
      "shape": {
        "type": "rectangle",
        "bottomLeft": {
          "x": 21,
          "y": 1.75
        },
        "width": 0.25,
        "height": 10.75
      }
    },
    {
      "name": "obs-98",
      "shape": {
        "type": "rectangle",
        "bottomLeft": {
          "x": 16.25,
          "y": 0.5
        },
        "width": 5,
        "height": 0.25
      }
    },
    {
      "name": "obs-99",
      "shape": {
        "type": "rectangle",
        "bottomLeft": {
          "x": 15,
          "y": 1.75
        },
        "width": 0.25,
        "height": 10.75
      }
    },
    {
      "name": "obs-100",
      "shape": {
        "type": "rectangle",
        "bottomLeft": {
          "x": 17.042047950857246,
          "y": 8.206898682595746
        },
        "width": 0.25,
        "height": 2
      }
    },
    {
      "name": "obs-101",
      "shape": {
        "type": "rectangle",
        "bottomLeft": {
          "x": 17.292047950857246,
          "y": 9.081898682595746
        },
        "width": 0.25,
        "height": 0.25
      }
    },
    {
      "name": "obs-102",
      "shape": {
        "type": "rectangle",
        "bottomLeft": {
          "x": 19.717599939467885,
          "y": 6.72953759255405
        },
        "width": 0.5,
        "height": 0.5
      }
    },
    {
      "name": "obs-103",
      "shape": {
        "type": "rectangle",
        "bottomLeft": {
          "x": 23,
          "y": 1.25
        },
        "width": 4.75,
        "height": 4
      }
    },
    {
      "name": "obs-104",
      "shape": {
        "type": "rectangle",
        "bottomLeft": {
          "x": 23.25,
          "y": 1
        },
        "width": 0.25,
        "height": 0.25
      }
    },
    {
      "name": "obs-105",
      "shape": {
        "type": "rectangle",
        "bottomLeft": {
          "x": 23.25,
          "y": 5.25
        },
        "width": 0.25,
        "height": 0.25
      }
    },
    {
      "name": "obs-106",
      "shape": {
        "type": "rectangle",
        "bottomLeft": {
          "x": 24.25,
          "y": 1
        },
        "width": 0.25,
        "height": 0.25
      }
    },
    {
      "name": "obs-107",
      "shape": {
        "type": "rectangle",
        "bottomLeft": {
          "x": 24.25,
          "y": 5.25
        },
        "width": 0.25,
        "height": 0.25
      }
    },
    {
      "name": "obs-108",
      "shape": {
        "type": "rectangle",
        "bottomLeft": {
          "x": 25.25,
          "y": 1
        },
        "width": 0.25,
        "height": 0.25
      }
    },
    {
      "name": "obs-109",
      "shape": {
        "type": "rectangle",
        "bottomLeft": {
          "x": 25.25,
          "y": 5.25
        },
        "width": 0.25,
        "height": 0.25
      }
    },
    {
      "name": "obs-110",
      "shape": {
        "type": "rectangle",
        "bottomLeft": {
          "x": 26.25,
          "y": 1
        },
        "width": 0.25,
        "height": 0.25
      }
    },
    {
      "name": "obs-111",
      "shape": {
        "type": "rectangle",
        "bottomLeft": {
          "x": 26.25,
          "y": 5.25
        },
        "width": 0.25,
        "height": 0.25
      }
    },
    {
      "name": "obs-112",
      "shape": {
        "type": "rectangle",
        "bottomLeft": {
          "x": 27.25,
          "y": 1
        },
        "width": 0.25,
        "height": 0.25
      }
    },
    {
      "name": "obs-113",
      "shape": {
        "type": "rectangle",
        "bottomLeft": {
          "x": 27.25,
          "y": 5.25
        },
        "width": 0.25,
        "height": 0.25
      }
    },
    {
      "name": "obs-114",
      "shape": {
        "type": "rectangle",
        "bottomLeft": {
          "x": 22.75,
          "y": 1.5
        },
        "width": 0.25,
        "height": 0.25
      }
    },
    {
      "name": "obs-115",
      "shape": {
        "type": "rectangle",
        "bottomLeft": {
          "x": 27.75,
          "y": 1.5
        },
        "width": 0.25,
        "height": 0.25
      }
    },
    {
      "name": "obs-116",
      "shape": {
        "type": "rectangle",
        "bottomLeft": {
          "x": 22.75,
          "y": 2.5
        },
        "width": 0.25,
        "height": 0.25
      }
    },
    {
      "name": "obs-117",
      "shape": {
        "type": "rectangle",
        "bottomLeft": {
          "x": 27.75,
          "y": 2.5
        },
        "width": 0.25,
        "height": 0.25
      }
    },
    {
      "name": "obs-118",
      "shape": {
        "type": "rectangle",
        "bottomLeft": {
          "x": 22.75,
          "y": 3.5
        },
        "width": 0.25,
        "height": 0.25
      }
    },
    {
      "name": "obs-119",
      "shape": {
        "type": "rectangle",
        "bottomLeft": {
          "x": 27.75,
          "y": 3.5
        },
        "width": 0.25,
        "height": 0.25
      }
    },
    {
      "name": "obs-120",
      "shape": {
        "type": "rectangle",
        "bottomLeft": {
          "x": 22.75,
          "y": 4.5
        },
        "width": 0.25,
        "height": 0.25
      }
    },
    {
      "name": "obs-121",
      "shape": {
        "type": "rectangle",
        "bottomLeft": {
          "x": 27.75,
          "y": 4.5
        },
        "width": 0.25,
        "height": 0.25
      }
    },
    {
      "name": "obs-122",
      "shape": {
        "type": "rectangle",
        "bottomLeft": {
          "x": 23.546866747611819,
          "y": 10.355509527548413
        },
        "width": 0.75,
        "height": 0.75
      }
    },
    {
      "name": "obs-123",
      "shape": {
        "type": "rectangle",
        "bottomLeft": {
          "x": 27.298535936266106,
          "y": 16.0482335537926
        },
        "width": 0.75,
        "height": 0.75
      }
    },
    {
      "name": "obs-124",
      "shape": {
        "type": "rectangle",
        "bottomLeft": {
          "x": 23.5,
          "y": 25.25
        },
        "width": 5,
        "height": 0.25
      }
    },
    {
      "name": "obs-125",
      "shape": {
        "type": "rectangle",
        "bottomLeft": {
          "x": 28.25,
          "y": 21.25
        },
        "width": 0.25,
        "height": 4.25
      }
    },
    {
      "name": "obs-126",
      "shape": {
        "type": "rectangle",
        "bottomLeft": {
          "x": 23.5,
          "y": 20
        },
        "width": 5,
        "height": 0.25
      }
    },
    {
      "name": "obs-127",
      "shape": {
        "type": "rectangle",
        "bottomLeft": {
          "x": 22.25,
          "y": 21.25
        },
        "width": 0.25,
        "height": 4.25
      }
    },
    {
      "name": "obs-128",
      "shape": {
        "type": "rectangle",
        "bottomLeft": {
          "x": 23.590771671860534,
          "y": 21.796894211199234
        },
        "width": 2,
        "height": 0.25
      }
    },
    {
      "name": "obs-129",
      "shape": {
        "type": "rectangle",
        "bottomLeft": {
          "x": 24.465771671860534,
          "y": 21.546894211199234
        },
        "width": 0.25,
        "height": 0.25
      }
    },
    {
      "name": "obs-130",
      "shape": {
        "type": "rectangle",
        "bottomLeft": {
          "x": 26.148558034489596,
          "y": 24.036388285640168
        },
        "width": 0.5,
        "height": 0.5
      }
    },
    {
      "name": "obs-131",
      "shape": {
        "type": "rectangle",
        "bottomLeft": {
          "x": 25.159228328139466,
          "y": 23.453105788800766
        },
        "width": 2,
        "height": 0.25
      }
    },
    {
      "name": "obs-132",
      "shape": {
        "type": "rectangle",
        "bottomLeft": {
          "x": 26.034228328139466,
          "y": 23.703105788800766
        },
        "width": 0.25,
        "height": 0.25
      }
    },
    {
      "name": "obs-133",
      "shape": {
        "type": "rectangle",
        "bottomLeft": {
          "x": 24.101441965510404,
          "y": 20.963611714359832
        },
        "width": 0.5,
        "height": 0.5
      }
    },
    {
      "name": "obs-134",
      "shape": {
        "type": "rectangle",
        "bottomLeft": {
          "x": 15.75,
          "y": 14.25
        },
        "width": 4.75,
        "height": 4
      }
    },
    {
      "name": "obs-135",
      "shape": {
        "type": "rectangle",
        "bottomLeft": {
          "x": 16,
          "y": 14
        },
        "width": 0.25,
        "height": 0.25
      }
    },
    {
      "name": "obs-136",
      "shape": {
        "type": "rectangle",
        "bottomLeft": {
          "x": 16,
          "y": 18.25
        },
        "width": 0.25,
        "height": 0.25
      }
    },
    {
      "name": "obs-137",
      "shape": {
        "type": "rectangle",
        "bottomLeft": {
          "x": 17,
          "y": 14
        },
        "width": 0.25,
        "height": 0.25
      }
    },
    {
      "name": "obs-138",
      "shape": {
        "type": "rectangle",
        "bottomLeft": {
          "x": 17,
          "y": 18.25
        },
        "width": 0.25,
        "height": 0.25
      }
    },
    {
      "name": "obs-139",
      "shape": {
        "type": "rectangle",
        "bottomLeft": {
          "x": 18,
          "y": 14
        },
        "width": 0.25,
        "height": 0.25
      }
    },
    {
      "name": "obs-140",
      "shape": {
        "type": "rectangle",
        "bottomLeft": {
          "x": 18,
          "y": 18.25
        },
        "width": 0.25,
        "height": 0.25
      }
    },
    {
      "name": "obs-141",
      "shape": {
        "type": "rectangle",
        "bottomLeft": {
          "x": 19,
          "y": 14
        },
        "width": 0.25,
        "height": 0.25
      }
    },
    {
      "name": "obs-142",
      "shape": {
        "type": "rectangle",
        "bottomLeft": {
          "x": 19,
          "y": 18.25
        },
        "width": 0.25,
        "height": 0.25
      }
    },
    {
      "name": "obs-143",
      "shape": {
        "type": "rectangle",
        "bottomLeft": {
          "x": 20,
          "y": 14
        },
        "width": 0.25,
        "height": 0.25
      }
    },
    {
      "name": "obs-144",
      "shape": {
        "type": "rectangle",
        "bottomLeft": {
          "x": 20,
          "y": 18.25
        },
        "width": 0.25,
        "height": 0.25
      }
    },
    {
      "name": "obs-145",
      "shape": {
        "type": "rectangle",
        "bottomLeft": {
          "x": 15.5,
          "y": 14.5
        },
        "width": 0.25,
        "height": 0.25
      }
    },
    {
      "name": "obs-146",
      "shape": {
        "type": "rectangle",
        "bottomLeft": {
          "x": 20.5,
          "y": 14.5
        },
        "width": 0.25,
        "height": 0.25
      }
    },
    {
      "name": "obs-147",
      "shape": {
        "type": "rectangle",
        "bottomLeft": {
          "x": 15.5,
          "y": 15.5
        },
        "width": 0.25,
        "height": 0.25
      }
    },
    {
      "name": "obs-148",
      "shape": {
        "type": "rectangle",
        "bottomLeft": {
          "x": 20.5,
          "y": 15.5
        },
        "width": 0.25,
        "height": 0.25
      }
    },
    {
      "name": "obs-149",
      "shape": {
        "type": "rectangle",
        "bottomLeft": {
          "x": 15.5,
          "y": 16.5
        },
        "width": 0.25,
        "height": 0.25
      }
    },
    {
      "name": "obs-150",
      "shape": {
        "type": "rectangle",
        "bottomLeft": {
          "x": 20.5,
          "y": 16.5
        },
        "width": 0.25,
        "height": 0.25
      }
    },
    {
      "name": "obs-151",
      "shape": {
        "type": "rectangle",
        "bottomLeft": {
          "x": 15.5,
          "y": 17.5
        },
        "width": 0.25,
        "height": 0.25
      }
    },
    {
      "name": "obs-152",
      "shape": {
        "type": "rectangle",
        "bottomLeft": {
          "x": 20.5,
          "y": 17.5
        },
        "width": 0.25,
        "height": 0.25
      }
    },
    {
      "name": "obs-153",
      "shape": {
        "type": "rectangle",
        "bottomLeft": {
          "x": 15.75,
          "y": 20.75
        },
        "width": 4.75,
        "height": 4
      }
    },
    {
      "name": "obs-154",
      "shape": {
        "type": "rectangle",
        "bottomLeft": {
          "x": 16,
          "y": 20.5
        },
        "width": 0.25,
        "height": 0.25
      }
    },
    {
      "name": "obs-155",
      "shape": {
        "type": "rectangle",
        "bottomLeft": {
          "x": 16,
          "y": 24.75
        },
        "width": 0.25,
        "height": 0.25
      }
    },
    {
      "name": "obs-156",
      "shape": {
        "type": "rectangle",
        "bottomLeft": {
          "x": 17,
          "y": 20.5
        },
        "width": 0.25,
        "height": 0.25
      }
    },
    {
      "name": "obs-157",
      "shape": {
        "type": "rectangle",
        "bottomLeft": {
          "x": 17,
          "y": 24.75
        },
        "width": 0.25,
        "height": 0.25
      }
    },
    {
      "name": "obs-158",
      "shape": {
        "type": "rectangle",
        "bottomLeft": {
          "x": 18,
          "y": 20.5
        },
        "width": 0.25,
        "height": 0.25
      }
    },
    {
      "name": "obs-159",
      "shape": {
        "type": "rectangle",
        "bottomLeft": {
          "x": 18,
          "y": 24.75
        },
        "width": 0.25,
        "height": 0.25
      }
    },
    {
      "name": "obs-160",
      "shape": {
        "type": "rectangle",
        "bottomLeft": {
          "x": 19,
          "y": 20.5
        },
        "width": 0.25,
        "height": 0.25
      }
    },
    {
      "name": "obs-161",
      "shape": {
        "type": "rectangle",
        "bottomLeft": {
          "x": 19,
          "y": 24.75
        },
        "width": 0.25,
        "height": 0.25
      }
    },
    {
      "name": "obs-162",
      "shape": {
        "type": "rectangle",
        "bottomLeft": {
          "x": 20,
          "y": 20.5
        },
        "width": 0.25,
        "height": 0.25
      }
    },
    {
      "name": "obs-163",
      "shape": {
        "type": "rectangle",
        "bottomLeft": {
          "x": 20,
          "y": 24.75
        },
        "width": 0.25,
        "height": 0.25
      }
    },
    {
      "name": "obs-164",
      "shape": {
        "type": "rectangle",
        "bottomLeft": {
          "x": 15.5,
          "y": 21
        },
        "width": 0.25,
        "height": 0.25
      }
    },
    {
      "name": "obs-165",
      "shape": {
        "type": "rectangle",
        "bottomLeft": {
          "x": 20.5,
          "y": 21
        },
        "width": 0.25,
        "height": 0.25
      }
    },
    {
      "name": "obs-166",
      "shape": {
        "type": "rectangle",
        "bottomLeft": {
          "x": 15.5,
          "y": 22
        },
        "width": 0.25,
        "height": 0.25
      }
    },
    {
      "name": "obs-167",
      "shape": {
        "type": "rectangle",
        "bottomLeft": {
          "x": 20.5,
          "y": 22
        },
        "width": 0.25,
        "height": 0.25
      }
    },
    {
      "name": "obs-168",
      "shape": {
        "type": "rectangle",
        "bottomLeft": {
          "x": 15.5,
          "y": 23
        },
        "width": 0.25,
        "height": 0.25
      }
    },
    {
      "name": "obs-169",
      "shape": {
        "type": "rectangle",
        "bottomLeft": {
          "x": 20.5,
          "y": 23
        },
        "width": 0.25,
        "height": 0.25
      }
    },
    {
      "name": "obs-170",
      "shape": {
        "type": "rectangle",
        "bottomLeft": {
          "x": 15.5,
          "y": 24
        },
        "width": 0.25,
        "height": 0.25
      }
    },
    {
      "name": "obs-171",
      "shape": {
        "type": "rectangle",
        "bottomLeft": {
          "x": 20.5,
          "y": 24
        },
        "width": 0.25,
        "height": 0.25
      }
    }
  ],
  "accesses": [
    {
      "id": 0,
      "shape": {
        "type": "rectangle",
        "bottomLeft": {
          "y": 0,
          "x": 13.5
        },
        "width": 1,
        "height": 0.5
      }
    },
    {
      "id": 0,
      "shape": {
        "type": "rectangle",
        "bottomLeft": {
          "y": 0,
          "x": 14.5
        },
        "width": 1,
        "height": 0.5
      }
    }
  ]
}
]	,
	"gateways": [
{
  "id": 0,
  "domain1": 1,
  "domain2": 0
}
	]
}