{
	"domains": [
{
  "id": 1,
  "width": 50,
  "height": 39,
  "obstacles": [
    {
      "name": "obs-1",
      "shape": {
        "type": "rectangle",
        "bottomLeft": {
          "x": 2,
          "y": 15
        },
        "width": 0.25,
        "height": 9.9762744547762416
      }
    },
    {
      "name": "obs-2",
      "shape": {
        "type": "rectangle",
        "bottomLeft": {
          "x": 3.25,
          "y": 15
        },
        "width": 0.25,
        "height": 9.9762744547762416
      }
    },
    {
      "name": "obs-3",
      "shape": {
        "type": "rectangle",
        "bottomLeft": {
          "x": 4.5,
          "y": 15
        },
        "width": 0.25,
        "height": 9.9762744547762416
      }
    },
    {
      "name": "obs-4",
      "shape": {
        "type": "rectangle",
        "bottomLeft": {
          "x": 5.75,
          "y": 15
        },
        "width": 0.25,
        "height": 9.9762744547762416
      }
    },
    {
      "name": "obs-5",
      "shape": {
        "type": "rectangle",
        "bottomLeft": {
          "x": 7,
          "y": 15
        },
        "width": 0.25,
        "height": 9.9762744547762416
      }
    },
    {
      "name": "obs-6",
      "shape": {
        "type": "rectangle",
        "bottomLeft": {
          "x": 8.25,
          "y": 15
        },
        "width": 0.25,
        "height": 9.9762744547762416
      }
    },
    {
      "name": "obs-7",
      "shape": {
        "type": "rectangle",
        "bottomLeft": {
          "x": 9.5,
          "y": 15
        },
        "width": 0.25,
        "height": 9.9762744547762416
      }
    },
    {
      "name": "obs-8",
      "shape": {
        "type": "rectangle",
        "bottomLeft": {
          "x": 14.975792053759285,
          "y": 17
        },
        "width": 5.38076914348429,
        "height": 5.9762744547762416
      }
    },
    {
      "name": "obs-9",
      "shape": {
        "type": "rectangle",
        "bottomLeft": {
          "x": 24.356561197243575,
          "y": 15
        },
        "width": 0.25,
        "height": 9.9762744547762416
      }
    },
    {
      "name": "obs-10",
      "shape": {
        "type": "rectangle",
        "bottomLeft": {
          "x": 25.606561197243575,
          "y": 15
        },
        "width": 0.25,
        "height": 9.9762744547762416
      }
    },
    {
      "name": "obs-11",
      "shape": {
        "type": "rectangle",
        "bottomLeft": {
          "x": 26.856561197243575,
          "y": 15
        },
        "width": 0.25,
        "height": 9.9762744547762416
      }
    },
    {
      "name": "obs-12",
      "shape": {
        "type": "rectangle",
        "bottomLeft": {
          "x": 28.106561197243575,
          "y": 15
        },
        "width": 0.25,
        "height": 9.9762744547762416
      }
    },
    {
      "name": "obs-13",
      "shape": {
        "type": "rectangle",
        "bottomLeft": {
          "x": 32.721580703812862,
          "y": 17
        },
        "width": 0.40979095278102395,
        "height": 5.9762744547762416
      }
    },
    {
      "name": "obs-14",
      "shape": {
        "type": "rectangle",
        "bottomLeft": {
          "x": 37.131371656593885,
          "y": 15
        },
        "width": 0.25,
        "height": 9.9762744547762416
      }
    },
    {
      "name": "obs-15",
      "shape": {
        "type": "rectangle",
        "bottomLeft": {
          "x": 38.381371656593885,
          "y": 15
        },
        "width": 0.25,
        "height": 9.9762744547762416
      }
    },
    {
      "name": "obs-16",
      "shape": {
        "type": "rectangle",
        "bottomLeft": {
          "x": 39.631371656593885,
          "y": 15
        },
        "width": 0.25,
        "height": 9.9762744547762416
      }
    },
    {
      "name": "obs-17",
      "shape": {
        "type": "rectangle",
        "bottomLeft": {
          "x": 40.881371656593885,
          "y": 15
        },
        "width": 0.25,
        "height": 9.9762744547762416
      }
    },
    {
      "name": "obs-18",
      "shape": {
        "type": "rectangle",
        "bottomLeft": {
          "x": 43.356345768831552,
          "y": 15
        },
        "width": 0.25,
        "height": 9.9762744547762416
      }
    },
    {
      "name": "obs-19",
      "shape": {
        "type": "rectangle",
        "bottomLeft": {
          "x": 44.606345768831552,
          "y": 15
        },
        "width": 0.25,
        "height": 9.9762744547762416
      }
    },
    {
      "name": "obs-20",
      "shape": {
        "type": "rectangle",
        "bottomLeft": {
          "x": 45.856345768831552,
          "y": 15
        },
        "width": 0.25,
        "height": 9.9762744547762416
      }
    },
    {
      "name": "obs-21",
      "shape": {
        "type": "rectangle",
        "bottomLeft": {
          "x": 47.106345768831552,
          "y": 15
        },
        "width": 0.25,
        "height": 9.9762744547762416
      }
    },
    {
      "name": "obs-22",
      "shape": {
        "type": "rectangle",
        "bottomLeft": {
          "x": 2,
          "y": 26.976274454776242
        },
        "width": 20.673180006383813,
        "height": 0.25
      }
    },
    {
      "name": "obs-23",
      "shape": {
        "type": "rectangle",
        "bottomLeft": {
          "x": 2,
          "y": 28.226274454776242
        },
        "width": 20.673180006383813,
        "height": 0.25
      }
    },
    {
      "name": "obs-24",
      "shape": {
        "type": "rectangle",
        "bottomLeft": {
          "x": 2,
          "y": 29.476274454776242
        },
        "width": 20.673180006383813,
        "height": 0.25
      }
    },
    {
      "name": "obs-25",
      "shape": {
        "type": "rectangle",
        "bottomLeft": {
          "x": 24.673180006383813,
          "y": 26.976274454776242
        },
        "width": 9.86757800727954,
        "height": 0.25
      }
    },
    {
      "name": "obs-26",
      "shape": {
        "type": "rectangle",
        "bottomLeft": {
          "x": 24.673180006383813,
          "y": 28.226274454776242
        },
        "width": 9.86757800727954,
        "height": 0.25
      }
    },
    {
      "name": "obs-27",
      "shape": {
        "type": "rectangle",
        "bottomLeft": {
          "x": 24.673180006383813,
          "y": 29.476274454776242
        },
        "width": 9.86757800727954,
        "height": 0.25
      }
    },
    {
      "name": "obs-28",
      "shape": {
        "type": "rectangle",
        "bottomLeft": {
          "x": 38.54075801366335,
          "y": 28.976274454776242
        },
        "width": 0.34720578610433073,
        "height": -0.13901692173162861
      }
    },
    {
      "name": "obs-29",
      "shape": {
        "type": "rectangle",
        "bottomLeft": {
          "x": 42.887963799767682,
          "y": 26.976274454776242
        },
        "width": 5.1120362002323159,
        "height": 0.25
      }
    },
    {
      "name": "obs-30",
      "shape": {
        "type": "rectangle",
        "bottomLeft": {
          "x": 42.887963799767682,
          "y": 28.226274454776242
        },
        "width": 5.1120362002323159,
        "height": 0.25
      }
    },
    {
      "name": "obs-31",
      "shape": {
        "type": "rectangle",
        "bottomLeft": {
          "x": 42.887963799767682,
          "y": 29.476274454776242
        },
        "width": 5.1120362002323159,
        "height": 0.25
      }
    },
    {
      "name": "obs-32",
      "shape": {
        "type": "rectangle",
        "bottomLeft": {
          "x": 24.673180006383813,
          "y": 32.837257533044614
        },
        "width": 9.9502139478222684,
        "height": 0.25
      }
    },
    {
      "name": "obs-33",
      "shape": {
        "type": "rectangle",
        "bottomLeft": {
          "x": 24.673180006383813,
          "y": 34.087257533044614
        },
        "width": 9.9502139478222684,
        "height": 0.25
      }
    },
    {
      "name": "obs-34",
      "shape": {
        "type": "rectangle",
        "bottomLeft": {
          "x": 24.673180006383813,
          "y": 35.337257533044614
        },
        "width": 9.9502139478222684,
        "height": 0.25
      }
    },
    {
      "name": "obs-35",
      "shape": {
        "type": "rectangle",
        "bottomLeft": {
          "x": 24.673180006383813,
          "y": 36.587257533044614
        },
        "width": 9.9502139478222684,
        "height": 0.25
      }
    },
    {
      "name": "obs-36",
      "shape": {
        "type": "rectangle",
        "bottomLeft": {
          "x": 36.62339395420608,
          "y": 32.837257533044614
        },
        "width": 0.25,
        "height": 4.162742466955387
      }
    },
    {
      "name": "obs-37",
      "shape": {
        "type": "rectangle",
        "bottomLeft": {
          "x": 37.87339395420608,
          "y": 32.837257533044614
        },
        "width": 0.25,
        "height": 4.162742466955387
      }
    },
    {
      "name": "obs-38",
      "shape": {
        "type": "rectangle",
        "bottomLeft": {
          "x": 39.12339395420608,
          "y": 32.837257533044614
        },
        "width": 0.25,
        "height": 4.162742466955387
      }
    },
    {
      "name": "obs-39",
      "shape": {
        "type": "rectangle",
        "bottomLeft": {
          "x": 40.37339395420608,
          "y": 32.837257533044614
        },
        "width": 0.25,
        "height": 4.162742466955387
      }
    },
    {
      "name": "obs-40",
      "shape": {
        "type": "rectangle",
        "bottomLeft": {
          "x": 45.122883358870332,
          "y": 34.837257533044614
        },
        "width": 0.87711664112966581,
        "height": 0.16274246695538697
      }
    },
    {
      "name": "obs-41",
      "shape": {
        "type": "rectangle",
        "bottomLeft": {
          "x": 2,
          "y": 32.837257533044614
        },
        "width": 8.9767231356294825,
        "height": 0.25
      }
    },
    {
      "name": "obs-42",
      "shape": {
        "type": "rectangle",
        "bottomLeft": {
          "x": 2,
          "y": 34.087257533044614
        },
        "width": 8.9767231356294825,
        "height": 0.25
      }
    },
    {
      "name": "obs-43",
      "shape": {
        "type": "rectangle",
        "bottomLeft": {
          "x": 2,
          "y": 35.337257533044614
        },
        "width": 8.9767231356294825,
        "height": 0.25
      }
    },
    {
      "name": "obs-44",
      "shape": {
        "type": "rectangle",
        "bottomLeft": {
          "x": 2,
          "y": 36.587257533044614
        },
        "width": 8.9767231356294825,
        "height": 0.25
      }
    },
    {
      "name": "obs-45",
      "shape": {
        "type": "rectangle",
        "bottomLeft": {
          "x": 12.976723135629483,
          "y": 32.837257533044614
        },
        "width": 9.69645687075433,
        "height": 0.25
      }
    },
    {
      "name": "obs-46",
      "shape": {
        "type": "rectangle",
        "bottomLeft": {
          "x": 12.976723135629483,
          "y": 34.087257533044614
        },
        "width": 9.69645687075433,
        "height": 0.25
      }
    },
    {
      "name": "obs-47",
      "shape": {
        "type": "rectangle",
        "bottomLeft": {
          "x": 12.976723135629483,
          "y": 35.337257533044614
        },
        "width": 9.69645687075433,
        "height": 0.25
      }
    },
    {
      "name": "obs-48",
      "shape": {
        "type": "rectangle",
        "bottomLeft": {
          "x": 12.976723135629483,
          "y": 36.587257533044614
        },
        "width": 9.69645687075433,
        "height": 0.25
      }
    },
    {
      "name": "obs-49",
      "shape": {
        "type": "rectangle",
        "bottomLeft": {
          "x": 1,
          "y": 9
        },
        "width": 1,
        "height": 2
      }
    },
    {
      "name": "obs-50",
      "shape": {
        "type": "rectangle",
        "bottomLeft": {
          "x": 3,
          "y": 9
        },
        "width": 1,
        "height": 2
      }
    },
    {
      "name": "obs-51",
      "shape": {
        "type": "rectangle",
        "bottomLeft": {
          "x": 5,
          "y": 9
        },
        "width": 1,
        "height": 2
      }
    },
    {
      "name": "obs-52",
      "shape": {
        "type": "rectangle",
        "bottomLeft": {
          "x": 7,
          "y": 9
        },
        "width": 1,
        "height": 2
      }
    },
    {
      "name": "obs-53",
      "shape": {
        "type": "rectangle",
        "bottomLeft": {
          "x": 9,
          "y": 9
        },
        "width": 1,
        "height": 2
      }
    },
    {
      "name": "obs-54",
      "shape": {
        "type": "rectangle",
        "bottomLeft": {
          "x": 11,
          "y": 9
        },
        "width": 1,
        "height": 2
      }
    },
    {
      "name": "obs-55",
      "shape": {
        "type": "rectangle",
        "bottomLeft": {
          "x": 13,
          "y": 9
        },
        "width": 1,
        "height": 2
      }
    },
    {
      "name": "obs-56",
      "shape": {
        "type": "rectangle",
        "bottomLeft": {
          "x": 15,
          "y": 9
        },
        "width": 1,
        "height": 2
      }
    },
    {
      "name": "obs-57",
      "shape": {
        "type": "rectangle",
        "bottomLeft": {
          "x": 17,
          "y": 9
        },
        "width": 1,
        "height": 2
      }
    },
    {
      "name": "obs-58",
      "shape": {
        "type": "rectangle",
        "bottomLeft": {
          "x": 19,
          "y": 9
        },
        "width": 1,
        "height": 2
      }
    },
    {
      "name": "obs-59",
      "shape": {
        "type": "rectangle",
        "bottomLeft": {
          "x": 21,
          "y": 9
        },
        "width": 1,
        "height": 2
      }
    },
    {
      "name": "obs-60",
      "shape": {
        "type": "rectangle",
        "bottomLeft": {
          "x": 23,
          "y": 9
        },
        "width": 1,
        "height": 2
      }
    },
    {
      "name": "obs-61",
      "shape": {
        "type": "rectangle",
        "bottomLeft": {
          "x": 25,
          "y": 9
        },
        "width": 1,
        "height": 2
      }
    },
    {
      "name": "obs-62",
      "shape": {
        "type": "rectangle",
        "bottomLeft": {
          "x": 27,
          "y": 9
        },
        "width": 1,
        "height": 2
      }
    },
    {
      "name": "obs-63",
      "shape": {
        "type": "rectangle",
        "bottomLeft": {
          "x": 29,
          "y": 9
        },
        "width": 1,
        "height": 2
      }
    },
    {
      "name": "obs-64",
      "shape": {
        "type": "rectangle",
        "bottomLeft": {
          "x": 31,
          "y": 9
        },
        "width": 1,
        "height": 2
      }
    },
    {
      "name": "obs-65",
      "shape": {
        "type": "rectangle",
        "bottomLeft": {
          "x": 37.700068282279915,
          "y": 9
        },
        "width": 1,
        "height": 2
      }
    },
    {
      "name": "obs-66",
      "shape": {
        "type": "rectangle",
        "bottomLeft": {
          "x": 39.700068282279915,
          "y": 9
        },
        "width": 1,
        "height": 2
      }
    },
    {
      "name": "obs-67",
      "shape": {
        "type": "rectangle",
        "bottomLeft": {
          "x": 41.700068282279915,
          "y": 9
        },
        "width": 1,
        "height": 2
      }
    },
    {
      "name": "obs-68",
      "shape": {
        "type": "rectangle",
        "bottomLeft": {
          "x": 43.700068282279915,
          "y": 9
        },
        "width": 1,
        "height": 2
      }
    },
    {
      "name": "obs-69",
      "shape": {
        "type": "rectangle",
        "bottomLeft": {
          "x": 45.700068282279915,
          "y": 9
        },
        "width": 1,
        "height": 2
      }
    },
    {
      "name": "obs-70",
      "shape": {
        "type": "rectangle",
        "bottomLeft": {
          "x": 47.700068282279915,
          "y": 9
        },
        "width": 1,
        "height": 2
      }
    },
    {
      "name": "obs-71",
      "shape": {
        "type": "rectangle",
        "bottomLeft": {
          "x": 4.75,
          "y": 0
        },
        "width": 0.25,
        "height": 5
      }
    },
    {
      "name": "obs-72",
      "shape": {
        "type": "rectangle",
        "bottomLeft": {
          "x": 0,
          "y": 4.75
        },
        "width": 2.5,
        "height": 0.25
      }
    },
    {
      "name": "obs-73",
      "shape": {
        "type": "rectangle",
        "bottomLeft": {
          "x": 9.75,
          "y": 0
        },
        "width": 0.25,
        "height": 5
      }
    },
    {
      "name": "obs-74",
      "shape": {
        "type": "rectangle",
        "bottomLeft": {
          "x": 5,
          "y": 4.75
        },
        "width": 2.5,
        "height": 0.25
      }
    },
    {
      "name": "obs-75",
      "shape": {
        "type": "rectangle",
        "bottomLeft": {
          "x": 14.75,
          "y": 0
        },
        "width": 0.25,
        "height": 5
      }
    },
    {
      "name": "obs-76",
      "shape": {
        "type": "rectangle",
        "bottomLeft": {
          "x": 10,
          "y": 4.75
        },
        "width": 2.5,
        "height": 0.25
      }
    },
    {
      "name": "obs-77",
      "shape": {
        "type": "rectangle",
        "bottomLeft": {
          "x": 19.75,
          "y": 0
        },
        "width": 0.25,
        "height": 5
      }
    },
    {
      "name": "obs-78",
      "shape": {
        "type": "rectangle",
        "bottomLeft": {
          "x": 15,
          "y": 4.75
        },
        "width": 2.5,
        "height": 0.25
      }
    },
    {
      "name": "obs-79",
      "shape": {
        "type": "rectangle",
        "bottomLeft": {
          "x": 45,
          "y": 0
        },
        "width": 0.25,
        "height": 5
      }
    },
    {
      "name": "obs-80",
      "shape": {
        "type": "rectangle",
        "bottomLeft": {
          "x": 47.5,
          "y": 4.75
        },
        "width": 2.5,
        "height": 0.25
      }
    },
    {
      "name": "obs-81",
      "shape": {
        "type": "rectangle",
        "bottomLeft": {
          "x": 40,
          "y": 0
        },
        "width": 0.25,
        "height": 5
      }
    },
    {
      "name": "obs-82",
      "shape": {
        "type": "rectangle",
        "bottomLeft": {
          "x": 42.5,
          "y": 4.75
        },
        "width": 2.5,
        "height": 0.25
      }
    },
    {
      "name": "obs-83",
      "shape": {
        "type": "rectangle",
        "bottomLeft": {
          "x": 35,
          "y": 0
        },
        "width": 0.25,
        "height": 5
      }
    },
    {
      "name": "obs-84",
      "shape": {
        "type": "rectangle",
        "bottomLeft": {
          "x": 37.5,
          "y": 4.75
        },
        "width": 2.5,
        "height": 0.25
      }
    },
    {
      "name": "obs-85",
      "shape": {
        "type": "rectangle",
        "bottomLeft": {
          "x": 30,
          "y": 0
        },
        "width": 0.25,
        "height": 5
      }
    },
    {
      "name": "obs-86",
      "shape": {
        "type": "rectangle",
        "bottomLeft": {
          "x": 32.5,
          "y": 4.75
        },
        "width": 2.5,
        "height": 0.25
      }
    }
  ],
  "accesses": [
    {
      "id": 0,
      "shape": {
        "type": "rectangle",
        "bottomLeft": {
          "y": 0,
          "x": 24
        },
        "width": 1,
        "height": 0.5
      }
    },
    {
      "id": 0,
      "shape": {
        "type": "rectangle",
        "bottomLeft": {
          "y": 0,
          "x": 25
        },
        "width": 1,
        "height": 0.5
      }
    }
  ]
}
]	,
	"gateways": [
{
  "id": 0,
  "domain1": 1,
  "domain2": 0
}
	]
}