{
	"domains": [
{
  "id": 1,
  "width": 26,
  "height": 40,
  "obstacles": [
    {
      "name": "obs-1",
      "shape": {
        "type": "rectangle",
        "bottomLeft": {
          "x": 2,
          "y": 15
        },
        "width": 0.25,
        "height": 2.719448492480268
      }
    },
    {
      "name": "obs-2",
      "shape": {
        "type": "rectangle",
        "bottomLeft": {
          "x": 2,
          "y": 22.719448492480268
        },
        "width": 0.25,
        "height": 2.719448492480268
      }
    },
    {
      "name": "obs-3",
      "shape": {
        "type": "rectangle",
        "bottomLeft": {
          "x": 10.762780814590609,
          "y": 15
        },
        "width": 0.25,
        "height": 2.719448492480268
      }
    },
    {
      "name": "obs-4",
      "shape": {
        "type": "rectangle",
        "bottomLeft": {
          "x": 10.762780814590609,
          "y": 22.719448492480268
        },
        "width": 0.25,
        "height": 2.719448492480268
      }
    },
    {
      "name": "obs-5",
      "shape": {
        "type": "rectangle",
        "bottomLeft": {
          "x": 2,
          "y": 15
        },
        "width": 2.0063904072953047,
        "height": 0.25
      }
    },
    {
      "name": "obs-6",
      "shape": {
        "type": "rectangle",
        "bottomLeft": {
          "x": 9.0063904072953047,
          "y": 15
        },
        "width": 2.0063904072953047,
        "height": 0.25
      }
    },
    {
      "name": "obs-7",
      "shape": {
        "type": "rectangle",
        "bottomLeft": {
          "x": 2,
          "y": 25.188896984960536
        },
        "width": 2.0063904072953047,
        "height": 0.25
      }
    },
    {
      "name": "obs-8",
      "shape": {
        "type": "rectangle",
        "bottomLeft": {
          "x": 9.0063904072953047,
          "y": 25.188896984960536
        },
        "width": 2.0063904072953047,
        "height": 0.25
      }
    },
    {
      "name": "obs-9",
      "shape": {
        "type": "rectangle",
        "bottomLeft": {
          "x": 4,
          "y": 17
        },
        "width": 0.25,
        "height": 6.438896984960536
      }
    },
    {
      "name": "obs-10",
      "shape": {
        "type": "rectangle",
        "bottomLeft": {
          "x": 5.25,
          "y": 17
        },
        "width": 0.25,
        "height": 6.438896984960536
      }
    },
    {
      "name": "obs-11",
      "shape": {
        "type": "rectangle",
        "bottomLeft": {
          "x": 6.5,
          "y": 17
        },
        "width": 0.25,
        "height": 6.438896984960536
      }
    },
    {
      "name": "obs-12",
      "shape": {
        "type": "rectangle",
        "bottomLeft": {
          "x": 7.75,
          "y": 17
        },
        "width": 0.25,
        "height": 6.438896984960536
      }
    },
    {
      "name": "obs-13",
      "shape": {
        "type": "rectangle",
        "bottomLeft": {
          "x": 4,
          "y": 29.438896984960536
        },
        "width": 5.0127808145906094,
        "height": 0.12317018838057603
      }
    },
    {
      "name": "obs-14",
      "shape": {
        "type": "rectangle",
        "bottomLeft": {
          "x": 2,
          "y": 33.562067173341113
        },
        "width": 9.01278081459061,
        "height": 0.25
      }
    },
    {
      "name": "obs-15",
      "shape": {
        "type": "rectangle",
        "bottomLeft": {
          "x": 2,
          "y": 34.812067173341113
        },
        "width": 9.01278081459061,
        "height": 0.25
      }
    },
    {
      "name": "obs-16",
      "shape": {
        "type": "rectangle",
        "bottomLeft": {
          "x": 2,
          "y": 36.062067173341113
        },
        "width": 9.01278081459061,
        "height": 0.25
      }
    },
    {
      "name": "obs-17",
      "shape": {
        "type": "rectangle",
        "bottomLeft": {
          "x": 2,
          "y": 37.312067173341113
        },
        "width": 9.01278081459061,
        "height": 0.25
      }
    },
    {
      "name": "obs-18",
      "shape": {
        "type": "rectangle",
        "bottomLeft": {
          "x": 13.012780814590609,
          "y": 15
        },
        "width": 0.25,
        "height": 3.7120846542156345
      }
    },
    {
      "name": "obs-19",
      "shape": {
        "type": "rectangle",
        "bottomLeft": {
          "x": 14.262780814590609,
          "y": 15
        },
        "width": 0.25,
        "height": 3.7120846542156345
      }
    },
    {
      "name": "obs-20",
      "shape": {
        "type": "rectangle",
        "bottomLeft": {
          "x": 15.512780814590609,
          "y": 15
        },
        "width": 0.25,
        "height": 3.7120846542156345
      }
    },
    {
      "name": "obs-21",
      "shape": {
        "type": "rectangle",
        "bottomLeft": {
          "x": 16.762780814590609,
          "y": 15
        },
        "width": 0.25,
        "height": 3.7120846542156345
      }
    },
    {
      "name": "obs-22",
      "shape": {
        "type": "rectangle",
        "bottomLeft": {
          "x": 13.012780814590609,
          "y": 20.712084654215634
        },
        "width": 0.25,
        "height": 4.48627757825765
      }
    },
    {
      "name": "obs-23",
      "shape": {
        "type": "rectangle",
        "bottomLeft": {
          "x": 14.262780814590609,
          "y": 20.712084654215634
        },
        "width": 0.25,
        "height": 4.48627757825765
      }
    },
    {
      "name": "obs-24",
      "shape": {
        "type": "rectangle",
        "bottomLeft": {
          "x": 15.512780814590609,
          "y": 20.712084654215634
        },
        "width": 0.25,
        "height": 4.48627757825765
      }
    },
    {
      "name": "obs-25",
      "shape": {
        "type": "rectangle",
        "bottomLeft": {
          "x": 16.762780814590609,
          "y": 20.712084654215634
        },
        "width": 0.25,
        "height": 4.48627757825765
      }
    },
    {
      "name": "obs-26",
      "shape": {
        "type": "rectangle",
        "bottomLeft": {
          "x": 15.012780814590609,
          "y": 29.198362232473286
        },
        "width": 0.094424831756668937,
        "height": 0.066301497118101516
      }
    },
    {
      "name": "obs-27",
      "shape": {
        "type": "rectangle",
        "bottomLeft": {
          "x": 13.012780814590609,
          "y": 33.264663729591391
        },
        "width": 0.25,
        "height": 4.7353362704086139
      }
    },
    {
      "name": "obs-28",
      "shape": {
        "type": "rectangle",
        "bottomLeft": {
          "x": 14.262780814590609,
          "y": 33.264663729591391
        },
        "width": 0.25,
        "height": 4.7353362704086139
      }
    },
    {
      "name": "obs-29",
      "shape": {
        "type": "rectangle",
        "bottomLeft": {
          "x": 15.512780814590609,
          "y": 33.264663729591391
        },
        "width": 0.25,
        "height": 4.7353362704086139
      }
    },
    {
      "name": "obs-30",
      "shape": {
        "type": "rectangle",
        "bottomLeft": {
          "x": 16.762780814590609,
          "y": 33.264663729591391
        },
        "width": 0.25,
        "height": 4.7353362704086139
      }
    },
    {
      "name": "obs-31",
      "shape": {
        "type": "rectangle",
        "bottomLeft": {
          "x": 19.107205646347278,
          "y": 15
        },
        "width": 0.25,
        "height": 9
      }
    },
    {
      "name": "obs-32",
      "shape": {
        "type": "rectangle",
        "bottomLeft": {
          "x": 19.107205646347278,
          "y": 29
        },
        "width": 0.25,
        "height": 9
      }
    },
    {
      "name": "obs-33",
      "shape": {
        "type": "rectangle",
        "bottomLeft": {
          "x": 23.75,
          "y": 15
        },
        "width": 0.25,
        "height": 9
      }
    },
    {
      "name": "obs-34",
      "shape": {
        "type": "rectangle",
        "bottomLeft": {
          "x": 23.75,
          "y": 29
        },
        "width": 0.25,
        "height": 9
      }
    },
    {
      "name": "obs-35",
      "shape": {
        "type": "rectangle",
        "bottomLeft": {
          "x": 19.107205646347278,
          "y": 15
        },
        "width": -0.05360282317363918,
        "height": 0.25
      }
    },
    {
      "name": "obs-36",
      "shape": {
        "type": "rectangle",
        "bottomLeft": {
          "x": 24.053602823173641,
          "y": 15
        },
        "width": -0.05360282317363918,
        "height": 0.25
      }
    },
    {
      "name": "obs-37",
      "shape": {
        "type": "rectangle",
        "bottomLeft": {
          "x": 19.107205646347278,
          "y": 37.75
        },
        "width": -0.05360282317363918,
        "height": 0.25
      }
    },
    {
      "name": "obs-38",
      "shape": {
        "type": "rectangle",
        "bottomLeft": {
          "x": 24.053602823173641,
          "y": 37.75
        },
        "width": -0.05360282317363918,
        "height": 0.25
      }
    },
    {
      "name": "obs-39",
      "shape": {
        "type": "rectangle",
        "bottomLeft": {
          "x": 21.107205646347278,
          "y": 17
        },
        "width": 0.25,
        "height": 19
      }
    },
    {
      "name": "obs-40",
      "shape": {
        "type": "rectangle",
        "bottomLeft": {
          "x": 1,
          "y": 9
        },
        "width": 1,
        "height": 2
      }
    },
    {
      "name": "obs-41",
      "shape": {
        "type": "rectangle",
        "bottomLeft": {
          "x": 3,
          "y": 9
        },
        "width": 1,
        "height": 2
      }
    },
    {
      "name": "obs-42",
      "shape": {
        "type": "rectangle",
        "bottomLeft": {
          "x": 5,
          "y": 9
        },
        "width": 1,
        "height": 2
      }
    },
    {
      "name": "obs-43",
      "shape": {
        "type": "rectangle",
        "bottomLeft": {
          "x": 7,
          "y": 9
        },
        "width": 1,
        "height": 2
      }
    },
    {
      "name": "obs-44",
      "shape": {
        "type": "rectangle",
        "bottomLeft": {
          "x": 9,
          "y": 9
        },
        "width": 1,
        "height": 2
      }
    },
    {
      "name": "obs-45",
      "shape": {
        "type": "rectangle",
        "bottomLeft": {
          "x": 15.404072091754548,
          "y": 9
        },
        "width": 1,
        "height": 2
      }
    },
    {
      "name": "obs-46",
      "shape": {
        "type": "rectangle",
        "bottomLeft": {
          "x": 17.40407209175455,
          "y": 9
        },
        "width": 1,
        "height": 2
      }
    },
    {
      "name": "obs-47",
      "shape": {
        "type": "rectangle",
        "bottomLeft": {
          "x": 19.40407209175455,
          "y": 9
        },
        "width": 1,
        "height": 2
      }
    },
    {
      "name": "obs-48",
      "shape": {
        "type": "rectangle",
        "bottomLeft": {
          "x": 21.40407209175455,
          "y": 9
        },
        "width": 1,
        "height": 2
      }
    },
    {
      "name": "obs-49",
      "shape": {
        "type": "rectangle",
        "bottomLeft": {
          "x": 23.40407209175455,
          "y": 9
        },
        "width": 1,
        "height": 2
      }
    },
    {
      "name": "obs-50",
      "shape": {
        "type": "rectangle",
        "bottomLeft": {
          "x": 4.75,
          "y": 0
        },
        "width": 0.25,
        "height": 5
      }
    },
    {
      "name": "obs-51",
      "shape": {
        "type": "rectangle",
        "bottomLeft": {
          "x": 0,
          "y": 4.75
        },
        "width": 2.5,
        "height": 0.25
      }
    },
    {
      "name": "obs-52",
      "shape": {
        "type": "rectangle",
        "bottomLeft": {
          "x": 9.75,
          "y": 0
        },
        "width": 0.25,
        "height": 5
      }
    },
    {
      "name": "obs-53",
      "shape": {
        "type": "rectangle",
        "bottomLeft": {
          "x": 5,
          "y": 4.75
        },
        "width": 2.5,
        "height": 0.25
      }
    },
    {
      "name": "obs-54",
      "shape": {
        "type": "rectangle",
        "bottomLeft": {
          "x": 21,
          "y": 0
        },
        "width": 0.25,
        "height": 5
      }
    },
    {
      "name": "obs-55",
      "shape": {
        "type": "rectangle",
        "bottomLeft": {
          "x": 23.5,
          "y": 4.75
        },
        "width": 2.5,
        "height": 0.25
      }
    },
    {
      "name": "obs-56",
      "shape": {
        "type": "rectangle",
        "bottomLeft": {
          "x": 16,
          "y": 0
        },
        "width": 0.25,
        "height": 5
      }
    },
    {
      "name": "obs-57",
      "shape": {
        "type": "rectangle",
        "bottomLeft": {
          "x": 18.5,
          "y": 4.75
        },
        "width": 2.5,
        "height": 0.25
      }
    }
  ],
  "accesses": [
    {
      "id": 0,
      "shape": {
        "type": "rectangle",
        "bottomLeft": {
          "y": 0,
          "x": 12
        },
        "width": 1,
        "height": 0.5
      }
    },
    {
      "id": 0,
      "shape": {
        "type": "rectangle",
        "bottomLeft": {
          "y": 0,
          "x": 13
        },
        "width": 1,
        "height": 0.5
      }
    }
  ]
}
]	,
	"gateways": [
{
  "id": 0,
  "domain1": 1,
  "domain2": 0
}
	]
}