{
	"domains": [
{
  "id": 1,
  "width": 49,
  "height": 34,
  "obstacles": [
    {
      "name": "obs-1",
      "shape": {
        "type": "rectangle",
        "bottomLeft": {
          "x": 2,
          "y": 15
        },
        "width": 0.25,
        "height": 7.0786060695816557
      }
    },
    {
      "name": "obs-2",
      "shape": {
        "type": "rectangle",
        "bottomLeft": {
          "x": 3.25,
          "y": 15
        },
        "width": 0.25,
        "height": 7.0786060695816557
      }
    },
    {
      "name": "obs-3",
      "shape": {
        "type": "rectangle",
        "bottomLeft": {
          "x": 4.5,
          "y": 15
        },
        "width": 0.25,
        "height": 7.0786060695816557
      }
    },
    {
      "name": "obs-4",
      "shape": {
        "type": "rectangle",
        "bottomLeft": {
          "x": 5.75,
          "y": 15
        },
        "width": 0.25,
        "height": 7.0786060695816557
      }
    },
    {
      "name": "obs-5",
      "shape": {
        "type": "rectangle",
        "bottomLeft": {
          "x": 7,
          "y": 15
        },
        "width": 0.25,
        "height": 7.0786060695816557
      }
    },
    {
      "name": "obs-6",
      "shape": {
        "type": "rectangle",
        "bottomLeft": {
          "x": 8.25,
          "y": 15
        },
        "width": 0.25,
        "height": 7.0786060695816557
      }
    },
    {
      "name": "obs-7",
      "shape": {
        "type": "rectangle",
        "bottomLeft": {
          "x": 9.5,
          "y": 15
        },
        "width": 0.25,
        "height": 7.0786060695816557
      }
    },
    {
      "name": "obs-8",
      "shape": {
        "type": "rectangle",
        "bottomLeft": {
          "x": 2,
          "y": 24.078606069581657
        },
        "width": 0.25,
        "height": 7.9213939304183434
      }
    },
    {
      "name": "obs-9",
      "shape": {
        "type": "rectangle",
        "bottomLeft": {
          "x": 3.25,
          "y": 24.078606069581657
        },
        "width": 0.25,
        "height": 7.9213939304183434
      }
    },
    {
      "name": "obs-10",
      "shape": {
        "type": "rectangle",
        "bottomLeft": {
          "x": 4.5,
          "y": 24.078606069581657
        },
        "width": 0.25,
        "height": 7.9213939304183434
      }
    },
    {
      "name": "obs-11",
      "shape": {
        "type": "rectangle",
        "bottomLeft": {
          "x": 5.75,
          "y": 24.078606069581657
        },
        "width": 0.25,
        "height": 7.9213939304183434
      }
    },
    {
      "name": "obs-12",
      "shape": {
        "type": "rectangle",
        "bottomLeft": {
          "x": 7,
          "y": 24.078606069581657
        },
        "width": 0.25,
        "height": 7.9213939304183434
      }
    },
    {
      "name": "obs-13",
      "shape": {
        "type": "rectangle",
        "bottomLeft": {
          "x": 8.25,
          "y": 24.078606069581657
        },
        "width": 0.25,
        "height": 7.9213939304183434
      }
    },
    {
      "name": "obs-14",
      "shape": {
        "type": "rectangle",
        "bottomLeft": {
          "x": 9.5,
          "y": 24.078606069581657
        },
        "width": 0.25,
        "height": 7.9213939304183434
      }
    },
    {
      "name": "obs-15",
      "shape": {
        "type": "rectangle",
        "bottomLeft": {
          "x": 12.630167884126951,
          "y": 15
        },
        "width": 0.25,
        "height": 17
      }
    },
    {
      "name": "obs-16",
      "shape": {
        "type": "rectangle",
        "bottomLeft": {
          "x": 13.880167884126951,
          "y": 15
        },
        "width": 0.25,
        "height": 17
      }
    },
    {
      "name": "obs-17",
      "shape": {
        "type": "rectangle",
        "bottomLeft": {
          "x": 15.130167884126951,
          "y": 15
        },
        "width": 0.25,
        "height": 17
      }
    },
    {
      "name": "obs-18",
      "shape": {
        "type": "rectangle",
        "bottomLeft": {
          "x": 16.380167884126951,
          "y": 15
        },
        "width": 0.25,
        "height": 17
      }
    },
    {
      "name": "obs-19",
      "shape": {
        "type": "rectangle",
        "bottomLeft": {
          "x": 17.630167884126951,
          "y": 15
        },
        "width": 0.25,
        "height": 17
      }
    },
    {
      "name": "obs-20",
      "shape": {
        "type": "rectangle",
        "bottomLeft": {
          "x": 18.880167884126951,
          "y": 15
        },
        "width": 0.25,
        "height": 17
      }
    },
    {
      "name": "obs-21",
      "shape": {
        "type": "rectangle",
        "bottomLeft": {
          "x": 20.130167884126951,
          "y": 15
        },
        "width": 0.25,
        "height": 17
      }
    },
    {
      "name": "obs-22",
      "shape": {
        "type": "rectangle",
        "bottomLeft": {
          "x": 21.380167884126951,
          "y": 15
        },
        "width": 0.25,
        "height": 17
      }
    },
    {
      "name": "obs-23",
      "shape": {
        "type": "rectangle",
        "bottomLeft": {
          "x": 24.489107328714567,
          "y": 15
        },
        "width": 0.25,
        "height": 7.1557026407268962
      }
    },
    {
      "name": "obs-24",
      "shape": {
        "type": "rectangle",
        "bottomLeft": {
          "x": 25.739107328714567,
          "y": 15
        },
        "width": 0.25,
        "height": 7.1557026407268962
      }
    },
    {
      "name": "obs-25",
      "shape": {
        "type": "rectangle",
        "bottomLeft": {
          "x": 26.989107328714567,
          "y": 15
        },
        "width": 0.25,
        "height": 7.1557026407268962
      }
    },
    {
      "name": "obs-26",
      "shape": {
        "type": "rectangle",
        "bottomLeft": {
          "x": 28.239107328714567,
          "y": 15
        },
        "width": 0.25,
        "height": 7.1557026407268962
      }
    },
    {
      "name": "obs-27",
      "shape": {
        "type": "rectangle",
        "bottomLeft": {
          "x": 29.489107328714567,
          "y": 15
        },
        "width": 0.25,
        "height": 7.1557026407268962
      }
    },
    {
      "name": "obs-28",
      "shape": {
        "type": "rectangle",
        "bottomLeft": {
          "x": 30.739107328714567,
          "y": 15
        },
        "width": 0.25,
        "height": 7.1557026407268962
      }
    },
    {
      "name": "obs-29",
      "shape": {
        "type": "rectangle",
        "bottomLeft": {
          "x": 31.989107328714567,
          "y": 15
        },
        "width": 0.25,
        "height": 7.1557026407268962
      }
    },
    {
      "name": "obs-30",
      "shape": {
        "type": "rectangle",
        "bottomLeft": {
          "x": 33.239107328714567,
          "y": 15
        },
        "width": 0.25,
        "height": 7.1557026407268962
      }
    },
    {
      "name": "obs-31",
      "shape": {
        "type": "rectangle",
        "bottomLeft": {
          "x": 36.446255292296676,
          "y": 15
        },
        "width": 0.25,
        "height": 7.1557026407268962
      }
    },
    {
      "name": "obs-32",
      "shape": {
        "type": "rectangle",
        "bottomLeft": {
          "x": 37.696255292296676,
          "y": 15
        },
        "width": 0.25,
        "height": 7.1557026407268962
      }
    },
    {
      "name": "obs-33",
      "shape": {
        "type": "rectangle",
        "bottomLeft": {
          "x": 38.946255292296676,
          "y": 15
        },
        "width": 0.25,
        "height": 7.1557026407268962
      }
    },
    {
      "name": "obs-34",
      "shape": {
        "type": "rectangle",
        "bottomLeft": {
          "x": 40.196255292296676,
          "y": 15
        },
        "width": 0.25,
        "height": 7.1557026407268962
      }
    },
    {
      "name": "obs-35",
      "shape": {
        "type": "rectangle",
        "bottomLeft": {
          "x": 42.720650241501218,
          "y": 15
        },
        "width": 0.25,
        "height": 7.1557026407268962
      }
    },
    {
      "name": "obs-36",
      "shape": {
        "type": "rectangle",
        "bottomLeft": {
          "x": 43.970650241501218,
          "y": 15
        },
        "width": 0.25,
        "height": 7.1557026407268962
      }
    },
    {
      "name": "obs-37",
      "shape": {
        "type": "rectangle",
        "bottomLeft": {
          "x": 45.220650241501218,
          "y": 15
        },
        "width": 0.25,
        "height": 7.1557026407268962
      }
    },
    {
      "name": "obs-38",
      "shape": {
        "type": "rectangle",
        "bottomLeft": {
          "x": 46.470650241501218,
          "y": 15
        },
        "width": 0.25,
        "height": 7.1557026407268962
      }
    },
    {
      "name": "obs-39",
      "shape": {
        "type": "rectangle",
        "bottomLeft": {
          "x": 36.446255292296676,
          "y": 24.155702640726897
        },
        "width": 0.25,
        "height": 7.8442973592731029
      }
    },
    {
      "name": "obs-40",
      "shape": {
        "type": "rectangle",
        "bottomLeft": {
          "x": 37.696255292296676,
          "y": 24.155702640726897
        },
        "width": 0.25,
        "height": 7.8442973592731029
      }
    },
    {
      "name": "obs-41",
      "shape": {
        "type": "rectangle",
        "bottomLeft": {
          "x": 38.946255292296676,
          "y": 24.155702640726897
        },
        "width": 0.25,
        "height": 7.8442973592731029
      }
    },
    {
      "name": "obs-42",
      "shape": {
        "type": "rectangle",
        "bottomLeft": {
          "x": 40.196255292296676,
          "y": 24.155702640726897
        },
        "width": 0.25,
        "height": 7.8442973592731029
      }
    },
    {
      "name": "obs-43",
      "shape": {
        "type": "rectangle",
        "bottomLeft": {
          "x": 44.605116149963244,
          "y": 26.155702640726897
        },
        "width": 0.39488385003675486,
        "height": 3.8442973592731029
      }
    },
    {
      "name": "obs-44",
      "shape": {
        "type": "rectangle",
        "bottomLeft": {
          "x": 24.489107328714567,
          "y": 24.155702640726897
        },
        "width": 9.9571479635821074,
        "height": 0.25
      }
    },
    {
      "name": "obs-45",
      "shape": {
        "type": "rectangle",
        "bottomLeft": {
          "x": 24.489107328714567,
          "y": 25.405702640726897
        },
        "width": 9.9571479635821074,
        "height": 0.25
      }
    },
    {
      "name": "obs-46",
      "shape": {
        "type": "rectangle",
        "bottomLeft": {
          "x": 24.489107328714567,
          "y": 26.655702640726897
        },
        "width": 9.9571479635821074,
        "height": 0.25
      }
    },
    {
      "name": "obs-47",
      "shape": {
        "type": "rectangle",
        "bottomLeft": {
          "x": 24.489107328714567,
          "y": 27.905702640726897
        },
        "width": 9.9571479635821074,
        "height": 0.25
      }
    },
    {
      "name": "obs-48",
      "shape": {
        "type": "rectangle",
        "bottomLeft": {
          "x": 24.489107328714567,
          "y": 29.155702640726897
        },
        "width": 9.9571479635821074,
        "height": 0.25
      }
    },
    {
      "name": "obs-49",
      "shape": {
        "type": "rectangle",
        "bottomLeft": {
          "x": 24.489107328714567,
          "y": 30.405702640726897
        },
        "width": 9.9571479635821074,
        "height": 0.25
      }
    },
    {
      "name": "obs-50",
      "shape": {
        "type": "rectangle",
        "bottomLeft": {
          "x": 24.489107328714567,
          "y": 31.655702640726897
        },
        "width": 9.9571479635821074,
        "height": 0.25
      }
    },
    {
      "name": "obs-51",
      "shape": {
        "type": "rectangle",
        "bottomLeft": {
          "x": 1,
          "y": 9
        },
        "width": 1,
        "height": 2
      }
    },
    {
      "name": "obs-52",
      "shape": {
        "type": "rectangle",
        "bottomLeft": {
          "x": 3,
          "y": 9
        },
        "width": 1,
        "height": 2
      }
    },
    {
      "name": "obs-53",
      "shape": {
        "type": "rectangle",
        "bottomLeft": {
          "x": 5,
          "y": 9
        },
        "width": 1,
        "height": 2
      }
    },
    {
      "name": "obs-54",
      "shape": {
        "type": "rectangle",
        "bottomLeft": {
          "x": 11.629237237246622,
          "y": 9
        },
        "width": 1,
        "height": 2
      }
    },
    {
      "name": "obs-55",
      "shape": {
        "type": "rectangle",
        "bottomLeft": {
          "x": 13.629237237246622,
          "y": 9
        },
        "width": 1,
        "height": 2
      }
    },
    {
      "name": "obs-56",
      "shape": {
        "type": "rectangle",
        "bottomLeft": {
          "x": 15.629237237246622,
          "y": 9
        },
        "width": 1,
        "height": 2
      }
    },
    {
      "name": "obs-57",
      "shape": {
        "type": "rectangle",
        "bottomLeft": {
          "x": 17.62923723724662,
          "y": 9
        },
        "width": 1,
        "height": 2
      }
    },
    {
      "name": "obs-58",
      "shape": {
        "type": "rectangle",
        "bottomLeft": {
          "x": 19.62923723724662,
          "y": 9
        },
        "width": 1,
        "height": 2
      }
    },
    {
      "name": "obs-59",
      "shape": {
        "type": "rectangle",
        "bottomLeft": {
          "x": 21.62923723724662,
          "y": 9
        },
        "width": 1,
        "height": 2
      }
    },
    {
      "name": "obs-60",
      "shape": {
        "type": "rectangle",
        "bottomLeft": {
          "x": 23.62923723724662,
          "y": 9
        },
        "width": 1,
        "height": 2
      }
    },
    {
      "name": "obs-61",
      "shape": {
        "type": "rectangle",
        "bottomLeft": {
          "x": 25.62923723724662,
          "y": 9
        },
        "width": 1,
        "height": 2
      }
    },
    {
      "name": "obs-62",
      "shape": {
        "type": "rectangle",
        "bottomLeft": {
          "x": 27.62923723724662,
          "y": 9
        },
        "width": 1,
        "height": 2
      }
    },
    {
      "name": "obs-63",
      "shape": {
        "type": "rectangle",
        "bottomLeft": {
          "x": 29.62923723724662,
          "y": 9
        },
        "width": 1,
        "height": 2
      }
    },
    {
      "name": "obs-64",
      "shape": {
        "type": "rectangle",
        "bottomLeft": {
          "x": 31.62923723724662,
          "y": 9
        },
        "width": 1,
        "height": 2
      }
    },
    {
      "name": "obs-65",
      "shape": {
        "type": "rectangle",
        "bottomLeft": {
          "x": 33.62923723724662,
          "y": 9
        },
        "width": 1,
        "height": 2
      }
    },
    {
      "name": "obs-66",
      "shape": {
        "type": "rectangle",
        "bottomLeft": {
          "x": 35.62923723724662,
          "y": 9
        },
        "width": 1,
        "height": 2
      }
    },
    {
      "name": "obs-67",
      "shape": {
        "type": "rectangle",
        "bottomLeft": {
          "x": 37.62923723724662,
          "y": 9
        },
        "width": 1,
        "height": 2
      }
    },
    {
      "name": "obs-68",
      "shape": {
        "type": "rectangle",
        "bottomLeft": {
          "x": 39.62923723724662,
          "y": 9
        },
        "width": 1,
        "height": 2
      }
    },
    {
      "name": "obs-69",
      "shape": {
        "type": "rectangle",
        "bottomLeft": {
          "x": 41.62923723724662,
          "y": 9
        },
        "width": 1,
        "height": 2
      }
    },
    {
      "name": "obs-70",
      "shape": {
        "type": "rectangle",
        "bottomLeft": {
          "x": 43.62923723724662,
          "y": 9
        },
        "width": 1,
        "height": 2
      }
    },
    {
      "name": "obs-71",
      "shape": {
        "type": "rectangle",
        "bottomLeft": {
          "x": 45.62923723724662,
          "y": 9
        },
        "width": 1,
        "height": 2
      }
    },
    {
      "name": "obs-72",
      "shape": {
        "type": "rectangle",
        "bottomLeft": {
          "x": 47.62923723724662,
          "y": 9
        },
        "width": 1,
        "height": 2
      }
    },
    {
      "name": "obs-73",
      "shape": {
        "type": "rectangle",
        "bottomLeft": {
          "x": 4.75,
          "y": 0
        },
        "width": 0.25,
        "height": 5
      }
    },
    {
      "name": "obs-74",
      "shape": {
        "type": "rectangle",
        "bottomLeft": {
          "x": 0,
          "y": 4.75
        },
        "width": 2.5,
        "height": 0.25
      }
    },
    {
      "name": "obs-75",
      "shape": {
        "type": "rectangle",
        "bottomLeft": {
          "x": 9.75,
          "y": 0
        },
        "width": 0.25,
        "height": 5
      }
    },
    {
      "name": "obs-76",
      "shape": {
        "type": "rectangle",
        "bottomLeft": {
          "x": 5,
          "y": 4.75
        },
        "width": 2.5,
        "height": 0.25
      }
    },
    {
      "name": "obs-77",
      "shape": {
        "type": "rectangle",
        "bottomLeft": {
          "x": 14.75,
          "y": 0
        },
        "width": 0.25,
        "height": 5
      }
    },
    {
      "name": "obs-78",
      "shape": {
        "type": "rectangle",
        "bottomLeft": {
          "x": 10,
          "y": 4.75
        },
        "width": 2.5,
        "height": 0.25
      }
    },
    {
      "name": "obs-79",
      "shape": {
        "type": "rectangle",
        "bottomLeft": {
          "x": 19.75,
          "y": 0
        },
        "width": 0.25,
        "height": 5
      }
    },
    {
      "name": "obs-80",
      "shape": {
        "type": "rectangle",
        "bottomLeft": {
          "x": 15,
          "y": 4.75
        },
        "width": 2.5,
        "height": 0.25
      }
    },
    {
      "name": "obs-81",
      "shape": {
        "type": "rectangle",
        "bottomLeft": {
          "x": 44,
          "y": 0
        },
        "width": 0.25,
        "height": 5
      }
    },
    {
      "name": "obs-82",
      "shape": {
        "type": "rectangle",
        "bottomLeft": {
          "x": 46.5,
          "y": 4.75
        },
        "width": 2.5,
        "height": 0.25
      }
    },
    {
      "name": "obs-83",
      "shape": {
        "type": "rectangle",
        "bottomLeft": {
          "x": 39,
          "y": 0
        },
        "width": 0.25,
        "height": 5
      }
    },
    {
      "name": "obs-84",
      "shape": {
        "type": "rectangle",
        "bottomLeft": {
          "x": 41.5,
          "y": 4.75
        },
        "width": 2.5,
        "height": 0.25
      }
    },
    {
      "name": "obs-85",
      "shape": {
        "type": "rectangle",
        "bottomLeft": {
          "x": 34,
          "y": 0
        },
        "width": 0.25,
        "height": 5
      }
    },
    {
      "name": "obs-86",
      "shape": {
        "type": "rectangle",
        "bottomLeft": {
          "x": 36.5,
          "y": 4.75
        },
        "width": 2.5,
        "height": 0.25
      }
    },
    {
      "name": "obs-87",
      "shape": {
        "type": "rectangle",
        "bottomLeft": {
          "x": 29,
          "y": 0
        },
        "width": 0.25,
        "height": 5
      }
    },
    {
      "name": "obs-88",
      "shape": {
        "type": "rectangle",
        "bottomLeft": {
          "x": 31.5,
          "y": 4.75
        },
        "width": 2.5,
        "height": 0.25
      }
    }
  ],
  "accesses": [
    {
      "id": 0,
      "shape": {
        "type": "rectangle",
        "bottomLeft": {
          "y": 0,
          "x": 23.5
        },
        "width": 1,
        "height": 0.5
      }
    },
    {
      "id": 0,
      "shape": {
        "type": "rectangle",
        "bottomLeft": {
          "y": 0,
          "x": 24.5
        },
        "width": 1,
        "height": 0.5
      }
    }
  ]
}
]	,
	"gateways": [
{
  "id": 0,
  "domain1": 1,
  "domain2": 0
}
	]
}