{
	"domains": [
{
  "id": 1,
  "width": 30,
  "height": 49,
  "obstacles": [
    {
      "name": "obs-1",
      "shape": {
        "type": "rectangle",
        "bottomLeft": {
          "x": 2,
          "y": 15
        },
        "width": 0.25,
        "height": 6.2565188459999357
      }
    },
    {
      "name": "obs-2",
      "shape": {
        "type": "rectangle",
        "bottomLeft": {
          "x": 3.25,
          "y": 15
        },
        "width": 0.25,
        "height": 6.2565188459999357
      }
    },
    {
      "name": "obs-3",
      "shape": {
        "type": "rectangle",
        "bottomLeft": {
          "x": 4.5,
          "y": 15
        },
        "width": 0.25,
        "height": 6.2565188459999357
      }
    },
    {
      "name": "obs-4",
      "shape": {
        "type": "rectangle",
        "bottomLeft": {
          "x": 5.75,
          "y": 15
        },
        "width": 0.25,
        "height": 6.2565188459999357
      }
    },
    {
      "name": "obs-5",
      "shape": {
        "type": "rectangle",
        "bottomLeft": {
          "x": 4,
          "y": 25.256518845999935
        },
        "width": 0.17641340221769131,
        "height": 2.6199260007549086
      }
    },
    {
      "name": "obs-6",
      "shape": {
        "type": "rectangle",
        "bottomLeft": {
          "x": 2,
          "y": 31.876444846754843
        },
        "width": 0.25,
        "height": 15.123555153245157
      }
    },
    {
      "name": "obs-7",
      "shape": {
        "type": "rectangle",
        "bottomLeft": {
          "x": 3.25,
          "y": 31.876444846754843
        },
        "width": 0.25,
        "height": 15.123555153245157
      }
    },
    {
      "name": "obs-8",
      "shape": {
        "type": "rectangle",
        "bottomLeft": {
          "x": 4.5,
          "y": 31.876444846754843
        },
        "width": 0.25,
        "height": 15.123555153245157
      }
    },
    {
      "name": "obs-9",
      "shape": {
        "type": "rectangle",
        "bottomLeft": {
          "x": 5.75,
          "y": 31.876444846754843
        },
        "width": 0.25,
        "height": 15.123555153245157
      }
    },
    {
      "name": "obs-10",
      "shape": {
        "type": "rectangle",
        "bottomLeft": {
          "x": 8.17641340221769,
          "y": 15
        },
        "width": 0.25,
        "height": 6.1132943168804772
      }
    },
    {
      "name": "obs-11",
      "shape": {
        "type": "rectangle",
        "bottomLeft": {
          "x": 9.42641340221769,
          "y": 15
        },
        "width": 0.25,
        "height": 6.1132943168804772
      }
    },
    {
      "name": "obs-12",
      "shape": {
        "type": "rectangle",
        "bottomLeft": {
          "x": 10.67641340221769,
          "y": 15
        },
        "width": 0.25,
        "height": 6.1132943168804772
      }
    },
    {
      "name": "obs-13",
      "shape": {
        "type": "rectangle",
        "bottomLeft": {
          "x": 11.92641340221769,
          "y": 15
        },
        "width": 0.25,
        "height": 6.1132943168804772
      }
    },
    {
      "name": "obs-14",
      "shape": {
        "type": "rectangle",
        "bottomLeft": {
          "x": 8.17641340221769,
          "y": 23.113294316880477
        },
        "width": 0.25,
        "height": 6.8042633089051865
      }
    },
    {
      "name": "obs-15",
      "shape": {
        "type": "rectangle",
        "bottomLeft": {
          "x": 9.42641340221769,
          "y": 23.113294316880477
        },
        "width": 0.25,
        "height": 6.8042633089051865
      }
    },
    {
      "name": "obs-16",
      "shape": {
        "type": "rectangle",
        "bottomLeft": {
          "x": 10.67641340221769,
          "y": 23.113294316880477
        },
        "width": 0.25,
        "height": 6.8042633089051865
      }
    },
    {
      "name": "obs-17",
      "shape": {
        "type": "rectangle",
        "bottomLeft": {
          "x": 11.92641340221769,
          "y": 23.113294316880477
        },
        "width": 0.25,
        "height": 6.8042633089051865
      }
    },
    {
      "name": "obs-18",
      "shape": {
        "type": "rectangle",
        "bottomLeft": {
          "x": 8.17641340221769,
          "y": 31.917557625785662
        },
        "width": 0.25,
        "height": 6.150868863685246
      }
    },
    {
      "name": "obs-19",
      "shape": {
        "type": "rectangle",
        "bottomLeft": {
          "x": 9.42641340221769,
          "y": 31.917557625785662
        },
        "width": 0.25,
        "height": 6.150868863685246
      }
    },
    {
      "name": "obs-20",
      "shape": {
        "type": "rectangle",
        "bottomLeft": {
          "x": 10.67641340221769,
          "y": 31.917557625785662
        },
        "width": 0.25,
        "height": 6.150868863685246
      }
    },
    {
      "name": "obs-21",
      "shape": {
        "type": "rectangle",
        "bottomLeft": {
          "x": 11.92641340221769,
          "y": 31.917557625785662
        },
        "width": 0.25,
        "height": 6.150868863685246
      }
    },
    {
      "name": "obs-22",
      "shape": {
        "type": "rectangle",
        "bottomLeft": {
          "x": 8.17641340221769,
          "y": 40.068426489470909
        },
        "width": 0.25,
        "height": 6.9315735105290912
      }
    },
    {
      "name": "obs-23",
      "shape": {
        "type": "rectangle",
        "bottomLeft": {
          "x": 9.42641340221769,
          "y": 40.068426489470909
        },
        "width": 0.25,
        "height": 6.9315735105290912
      }
    },
    {
      "name": "obs-24",
      "shape": {
        "type": "rectangle",
        "bottomLeft": {
          "x": 10.67641340221769,
          "y": 40.068426489470909
        },
        "width": 0.25,
        "height": 6.9315735105290912
      }
    },
    {
      "name": "obs-25",
      "shape": {
        "type": "rectangle",
        "bottomLeft": {
          "x": 11.92641340221769,
          "y": 40.068426489470909
        },
        "width": 0.25,
        "height": 6.9315735105290912
      }
    },
    {
      "name": "obs-26",
      "shape": {
        "type": "rectangle",
        "bottomLeft": {
          "x": 17.1671026988831,
          "y": 17
        },
        "width": 1.1163763919310234,
        "height": 1.7584069665226059
      }
    },
    {
      "name": "obs-27",
      "shape": {
        "type": "rectangle",
        "bottomLeft": {
          "x": 22.283479090814122,
          "y": 15
        },
        "width": 0.25,
        "height": 5.7584069665226059
      }
    },
    {
      "name": "obs-28",
      "shape": {
        "type": "rectangle",
        "bottomLeft": {
          "x": 23.533479090814122,
          "y": 15
        },
        "width": 0.25,
        "height": 5.7584069665226059
      }
    },
    {
      "name": "obs-29",
      "shape": {
        "type": "rectangle",
        "bottomLeft": {
          "x": 24.783479090814122,
          "y": 15
        },
        "width": 0.25,
        "height": 5.7584069665226059
      }
    },
    {
      "name": "obs-30",
      "shape": {
        "type": "rectangle",
        "bottomLeft": {
          "x": 26.033479090814122,
          "y": 15
        },
        "width": 0.25,
        "height": 5.7584069665226059
      }
    },
    {
      "name": "obs-31",
      "shape": {
        "type": "rectangle",
        "bottomLeft": {
          "x": 27.283479090814122,
          "y": 15
        },
        "width": 0.25,
        "height": 5.7584069665226059
      }
    },
    {
      "name": "obs-32",
      "shape": {
        "type": "rectangle",
        "bottomLeft": {
          "x": 24.283479090814122,
          "y": 24.758406966522607
        },
        "width": 1.7165209091858777,
        "height": 1.7877264837960718
      }
    },
    {
      "name": "obs-33",
      "shape": {
        "type": "rectangle",
        "bottomLeft": {
          "x": 15.167102698883099,
          "y": 22.758406966522607
        },
        "width": 0.25,
        "height": 5.7877264837960718
      }
    },
    {
      "name": "obs-34",
      "shape": {
        "type": "rectangle",
        "bottomLeft": {
          "x": 16.4171026988831,
          "y": 22.758406966522607
        },
        "width": 0.25,
        "height": 5.7877264837960718
      }
    },
    {
      "name": "obs-35",
      "shape": {
        "type": "rectangle",
        "bottomLeft": {
          "x": 17.6671026988831,
          "y": 22.758406966522607
        },
        "width": 0.25,
        "height": 5.7877264837960718
      }
    },
    {
      "name": "obs-36",
      "shape": {
        "type": "rectangle",
        "bottomLeft": {
          "x": 18.9171026988831,
          "y": 22.758406966522607
        },
        "width": 0.25,
        "height": 5.7877264837960718
      }
    },
    {
      "name": "obs-37",
      "shape": {
        "type": "rectangle",
        "bottomLeft": {
          "x": 15.167102698883099,
          "y": 30.546133450318678
        },
        "width": 0.25,
        "height": 6.940365899191848
      }
    },
    {
      "name": "obs-38",
      "shape": {
        "type": "rectangle",
        "bottomLeft": {
          "x": 16.4171026988831,
          "y": 30.546133450318678
        },
        "width": 0.25,
        "height": 6.940365899191848
      }
    },
    {
      "name": "obs-39",
      "shape": {
        "type": "rectangle",
        "bottomLeft": {
          "x": 17.6671026988831,
          "y": 30.546133450318678
        },
        "width": 0.25,
        "height": 6.940365899191848
      }
    },
    {
      "name": "obs-40",
      "shape": {
        "type": "rectangle",
        "bottomLeft": {
          "x": 18.9171026988831,
          "y": 30.546133450318678
        },
        "width": 0.25,
        "height": 6.940365899191848
      }
    },
    {
      "name": "obs-41",
      "shape": {
        "type": "rectangle",
        "bottomLeft": {
          "x": 24.27226278898889,
          "y": 32.546133450318678
        },
        "width": 1.7277372110111093,
        "height": 2.940365899191848
      }
    },
    {
      "name": "obs-42",
      "shape": {
        "type": "rectangle",
        "bottomLeft": {
          "x": 24.27226278898889,
          "y": 41.486499349510524
        },
        "width": 1.7277372110111093,
        "height": 3.5135006504894744
      }
    },
    {
      "name": "obs-43",
      "shape": {
        "type": "rectangle",
        "bottomLeft": {
          "x": 15.167102698883099,
          "y": 39.486499349510524
        },
        "width": 5.1051600901057919,
        "height": 0.25
      }
    },
    {
      "name": "obs-44",
      "shape": {
        "type": "rectangle",
        "bottomLeft": {
          "x": 15.167102698883099,
          "y": 40.736499349510524
        },
        "width": 5.1051600901057919,
        "height": 0.25
      }
    },
    {
      "name": "obs-45",
      "shape": {
        "type": "rectangle",
        "bottomLeft": {
          "x": 15.167102698883099,
          "y": 41.986499349510524
        },
        "width": 5.1051600901057919,
        "height": 0.25
      }
    },
    {
      "name": "obs-46",
      "shape": {
        "type": "rectangle",
        "bottomLeft": {
          "x": 15.167102698883099,
          "y": 43.236499349510524
        },
        "width": 5.1051600901057919,
        "height": 0.25
      }
    },
    {
      "name": "obs-47",
      "shape": {
        "type": "rectangle",
        "bottomLeft": {
          "x": 15.167102698883099,
          "y": 44.486499349510524
        },
        "width": 5.1051600901057919,
        "height": 0.25
      }
    },
    {
      "name": "obs-48",
      "shape": {
        "type": "rectangle",
        "bottomLeft": {
          "x": 15.167102698883099,
          "y": 45.736499349510524
        },
        "width": 5.1051600901057919,
        "height": 0.25
      }
    },
    {
      "name": "obs-49",
      "shape": {
        "type": "rectangle",
        "bottomLeft": {
          "x": 1,
          "y": 9
        },
        "width": 1,
        "height": 2
      }
    },
    {
      "name": "obs-50",
      "shape": {
        "type": "rectangle",
        "bottomLeft": {
          "x": 3,
          "y": 9
        },
        "width": 1,
        "height": 2
      }
    },
    {
      "name": "obs-51",
      "shape": {
        "type": "rectangle",
        "bottomLeft": {
          "x": 5,
          "y": 9
        },
        "width": 1,
        "height": 2
      }
    },
    {
      "name": "obs-52",
      "shape": {
        "type": "rectangle",
        "bottomLeft": {
          "x": 7,
          "y": 9
        },
        "width": 1,
        "height": 2
      }
    },
    {
      "name": "obs-53",
      "shape": {
        "type": "rectangle",
        "bottomLeft": {
          "x": 13.609622286553886,
          "y": 9
        },
        "width": 1,
        "height": 2
      }
    },
    {
      "name": "obs-54",
      "shape": {
        "type": "rectangle",
        "bottomLeft": {
          "x": 15.609622286553886,
          "y": 9
        },
        "width": 1,
        "height": 2
      }
    },
    {
      "name": "obs-55",
      "shape": {
        "type": "rectangle",
        "bottomLeft": {
          "x": 17.609622286553886,
          "y": 9
        },
        "width": 1,
        "height": 2
      }
    },
    {
      "name": "obs-56",
      "shape": {
        "type": "rectangle",
        "bottomLeft": {
          "x": 19.609622286553886,
          "y": 9
        },
        "width": 1,
        "height": 2
      }
    },
    {
      "name": "obs-57",
      "shape": {
        "type": "rectangle",
        "bottomLeft": {
          "x": 21.609622286553886,
          "y": 9
        },
        "width": 1,
        "height": 2
      }
    },
    {
      "name": "obs-58",
      "shape": {
        "type": "rectangle",
        "bottomLeft": {
          "x": 23.609622286553886,
          "y": 9
        },
        "width": 1,
        "height": 2
      }
    },
    {
      "name": "obs-59",
      "shape": {
        "type": "rectangle",
        "bottomLeft": {
          "x": 25.609622286553886,
          "y": 9
        },
        "width": 1,
        "height": 2
      }
    },
    {
      "name": "obs-60",
      "shape": {
        "type": "rectangle",
        "bottomLeft": {
          "x": 27.609622286553886,
          "y": 9
        },
        "width": 1,
        "height": 2
      }
    },
    {
      "name": "obs-61",
      "shape": {
        "type": "rectangle",
        "bottomLeft": {
          "x": 4.75,
          "y": 0
        },
        "width": 0.25,
        "height": 5
      }
    },
    {
      "name": "obs-62",
      "shape": {
        "type": "rectangle",
        "bottomLeft": {
          "x": 0,
          "y": 4.75
        },
        "width": 2.5,
        "height": 0.25
      }
    },
    {
      "name": "obs-63",
      "shape": {
        "type": "rectangle",
        "bottomLeft": {
          "x": 9.75,
          "y": 0
        },
        "width": 0.25,
        "height": 5
      }
    },
    {
      "name": "obs-64",
      "shape": {
        "type": "rectangle",
        "bottomLeft": {
          "x": 5,
          "y": 4.75
        },
        "width": 2.5,
        "height": 0.25
      }
    },
    {
      "name": "obs-65",
      "shape": {
        "type": "rectangle",
        "bottomLeft": {
          "x": 25,
          "y": 0
        },
        "width": 0.25,
        "height": 5
      }
    },
    {
      "name": "obs-66",
      "shape": {
        "type": "rectangle",
        "bottomLeft": {
          "x": 27.5,
          "y": 4.75
        },
        "width": 2.5,
        "height": 0.25
      }
    },
    {
      "name": "obs-67",
      "shape": {
        "type": "rectangle",
        "bottomLeft": {
          "x": 20,
          "y": 0
        },
        "width": 0.25,
        "height": 5
      }
    },
    {
      "name": "obs-68",
      "shape": {
        "type": "rectangle",
        "bottomLeft": {
          "x": 22.5,
          "y": 4.75
        },
        "width": 2.5,
        "height": 0.25
      }
    }
  ],
  "accesses": [
    {
      "id": 0,
      "shape": {
        "type": "rectangle",
        "bottomLeft": {
          "y": 0,
          "x": 14
        },
        "width": 1,
        "height": 0.5
      }
    },
    {
      "id": 0,
      "shape": {
        "type": "rectangle",
        "bottomLeft": {
          "y": 0,
          "x": 15
        },
        "width": 1,
        "height": 0.5
      }
    }
  ]
}
]	,
	"gateways": [
{
  "id": 0,
  "domain1": 1,
  "domain2": 0
}
	]
}