{
	"domains": [
{
  "id": 1,
  "width": 40,
  "height": 39,
  "obstacles": [
    {
      "name": "obs-1",
      "shape": {
        "type": "rectangle",
        "bottomLeft": {
          "x": 2,
          "y": 15
        },
        "width": 15.41955227356935,
        "height": 0.25
      }
    },
    {
      "name": "obs-2",
      "shape": {
        "type": "rectangle",
        "bottomLeft": {
          "x": 2,
          "y": 16.25
        },
        "width": 15.41955227356935,
        "height": 0.25
      }
    },
    {
      "name": "obs-3",
      "shape": {
        "type": "rectangle",
        "bottomLeft": {
          "x": 2,
          "y": 17.5
        },
        "width": 15.41955227356935,
        "height": 0.25
      }
    },
    {
      "name": "obs-4",
      "shape": {
        "type": "rectangle",
        "bottomLeft": {
          "x": 2,
          "y": 18.75
        },
        "width": 15.41955227356935,
        "height": 0.25
      }
    },
    {
      "name": "obs-5",
      "shape": {
        "type": "rectangle",
        "bottomLeft": {
          "x": 2,
          "y": 20
        },
        "width": 15.41955227356935,
        "height": 0.25
      }
    },
    {
      "name": "obs-6",
      "shape": {
        "type": "rectangle",
        "bottomLeft": {
          "x": 2,
          "y": 21.25
        },
        "width": 15.41955227356935,
        "height": 0.25
      }
    },
    {
      "name": "obs-7",
      "shape": {
        "type": "rectangle",
        "bottomLeft": {
          "x": 2,
          "y": 22.5
        },
        "width": 15.41955227356935,
        "height": 0.25
      }
    },
    {
      "name": "obs-8",
      "shape": {
        "type": "rectangle",
        "bottomLeft": {
          "x": 2,
          "y": 23.75
        },
        "width": 15.41955227356935,
        "height": 0.25
      }
    },
    {
      "name": "obs-9",
      "shape": {
        "type": "rectangle",
        "bottomLeft": {
          "x": 19.419552273569352,
          "y": 15
        },
        "width": 0.25,
        "height": 9.6887261618213572
      }
    },
    {
      "name": "obs-10",
      "shape": {
        "type": "rectangle",
        "bottomLeft": {
          "x": 20.669552273569352,
          "y": 15
        },
        "width": 0.25,
        "height": 9.6887261618213572
      }
    },
    {
      "name": "obs-11",
      "shape": {
        "type": "rectangle",
        "bottomLeft": {
          "x": 21.919552273569352,
          "y": 15
        },
        "width": 0.25,
        "height": 9.6887261618213572
      }
    },
    {
      "name": "obs-12",
      "shape": {
        "type": "rectangle",
        "bottomLeft": {
          "x": 23.169552273569352,
          "y": 15
        },
        "width": 0.25,
        "height": 9.6887261618213572
      }
    },
    {
      "name": "obs-13",
      "shape": {
        "type": "rectangle",
        "bottomLeft": {
          "x": 24.419552273569352,
          "y": 15
        },
        "width": 0.25,
        "height": 9.6887261618213572
      }
    },
    {
      "name": "obs-14",
      "shape": {
        "type": "rectangle",
        "bottomLeft": {
          "x": 25.669552273569352,
          "y": 15
        },
        "width": 0.25,
        "height": 9.6887261618213572
      }
    },
    {
      "name": "obs-15",
      "shape": {
        "type": "rectangle",
        "bottomLeft": {
          "x": 31.088242556631744,
          "y": 17
        },
        "width": 4.9117574433682556,
        "height": 5.6887261618213572
      }
    },
    {
      "name": "obs-16",
      "shape": {
        "type": "rectangle",
        "bottomLeft": {
          "x": 2,
          "y": 26.688726161821357
        },
        "width": 0.25,
        "height": 10.311273838178643
      }
    },
    {
      "name": "obs-17",
      "shape": {
        "type": "rectangle",
        "bottomLeft": {
          "x": 3.25,
          "y": 26.688726161821357
        },
        "width": 0.25,
        "height": 10.311273838178643
      }
    },
    {
      "name": "obs-18",
      "shape": {
        "type": "rectangle",
        "bottomLeft": {
          "x": 4.5,
          "y": 26.688726161821357
        },
        "width": 0.25,
        "height": 10.311273838178643
      }
    },
    {
      "name": "obs-19",
      "shape": {
        "type": "rectangle",
        "bottomLeft": {
          "x": 5.75,
          "y": 26.688726161821357
        },
        "width": 0.25,
        "height": 10.311273838178643
      }
    },
    {
      "name": "obs-20",
      "shape": {
        "type": "rectangle",
        "bottomLeft": {
          "x": 7,
          "y": 26.688726161821357
        },
        "width": 0.25,
        "height": 10.311273838178643
      }
    },
    {
      "name": "obs-21",
      "shape": {
        "type": "rectangle",
        "bottomLeft": {
          "x": 10.376567122847696,
          "y": 26.688726161821357
        },
        "width": 7.7258657139135813,
        "height": 0.25
      }
    },
    {
      "name": "obs-22",
      "shape": {
        "type": "rectangle",
        "bottomLeft": {
          "x": 10.376567122847696,
          "y": 27.938726161821357
        },
        "width": 7.7258657139135813,
        "height": 0.25
      }
    },
    {
      "name": "obs-23",
      "shape": {
        "type": "rectangle",
        "bottomLeft": {
          "x": 10.376567122847696,
          "y": 29.188726161821357
        },
        "width": 7.7258657139135813,
        "height": 0.25
      }
    },
    {
      "name": "obs-24",
      "shape": {
        "type": "rectangle",
        "bottomLeft": {
          "x": 10.376567122847696,
          "y": 30.438726161821357
        },
        "width": 7.7258657139135813,
        "height": 0.25
      }
    },
    {
      "name": "obs-25",
      "shape": {
        "type": "rectangle",
        "bottomLeft": {
          "x": 10.376567122847696,
          "y": 32.702953336759052
        },
        "width": 7.7258657139135813,
        "height": 0.25
      }
    },
    {
      "name": "obs-26",
      "shape": {
        "type": "rectangle",
        "bottomLeft": {
          "x": 10.376567122847696,
          "y": 33.952953336759052
        },
        "width": 7.7258657139135813,
        "height": 0.25
      }
    },
    {
      "name": "obs-27",
      "shape": {
        "type": "rectangle",
        "bottomLeft": {
          "x": 10.376567122847696,
          "y": 35.202953336759052
        },
        "width": 7.7258657139135813,
        "height": 0.25
      }
    },
    {
      "name": "obs-28",
      "shape": {
        "type": "rectangle",
        "bottomLeft": {
          "x": 10.376567122847696,
          "y": 36.452953336759052
        },
        "width": 7.7258657139135813,
        "height": 0.25
      }
    },
    {
      "name": "obs-29",
      "shape": {
        "type": "rectangle",
        "bottomLeft": {
          "x": 20.102432836761277,
          "y": 26.688726161821357
        },
        "width": 7.80263909580437,
        "height": 0.25
      }
    },
    {
      "name": "obs-30",
      "shape": {
        "type": "rectangle",
        "bottomLeft": {
          "x": 20.102432836761277,
          "y": 27.938726161821357
        },
        "width": 7.80263909580437,
        "height": 0.25
      }
    },
    {
      "name": "obs-31",
      "shape": {
        "type": "rectangle",
        "bottomLeft": {
          "x": 20.102432836761277,
          "y": 29.188726161821357
        },
        "width": 7.80263909580437,
        "height": 0.25
      }
    },
    {
      "name": "obs-32",
      "shape": {
        "type": "rectangle",
        "bottomLeft": {
          "x": 29.905071932565647,
          "y": 26.688726161821357
        },
        "width": 8.0949280674343527,
        "height": 0.25
      }
    },
    {
      "name": "obs-33",
      "shape": {
        "type": "rectangle",
        "bottomLeft": {
          "x": 29.905071932565647,
          "y": 27.938726161821357
        },
        "width": 8.0949280674343527,
        "height": 0.25
      }
    },
    {
      "name": "obs-34",
      "shape": {
        "type": "rectangle",
        "bottomLeft": {
          "x": 29.905071932565647,
          "y": 29.188726161821357
        },
        "width": 8.0949280674343527,
        "height": 0.25
      }
    },
    {
      "name": "obs-35",
      "shape": {
        "type": "rectangle",
        "bottomLeft": {
          "x": 29.905071932565647,
          "y": 32.486829369399473
        },
        "width": 8.0949280674343527,
        "height": 0.25
      }
    },
    {
      "name": "obs-36",
      "shape": {
        "type": "rectangle",
        "bottomLeft": {
          "x": 29.905071932565647,
          "y": 33.736829369399473
        },
        "width": 8.0949280674343527,
        "height": 0.25
      }
    },
    {
      "name": "obs-37",
      "shape": {
        "type": "rectangle",
        "bottomLeft": {
          "x": 29.905071932565647,
          "y": 34.986829369399473
        },
        "width": 8.0949280674343527,
        "height": 0.25
      }
    },
    {
      "name": "obs-38",
      "shape": {
        "type": "rectangle",
        "bottomLeft": {
          "x": 29.905071932565647,
          "y": 36.236829369399473
        },
        "width": 8.0949280674343527,
        "height": 0.25
      }
    },
    {
      "name": "obs-39",
      "shape": {
        "type": "rectangle",
        "bottomLeft": {
          "x": 20.102432836761277,
          "y": 32.486829369399473
        },
        "width": 7.80263909580437,
        "height": 0.25
      }
    },
    {
      "name": "obs-40",
      "shape": {
        "type": "rectangle",
        "bottomLeft": {
          "x": 20.102432836761277,
          "y": 33.736829369399473
        },
        "width": 7.80263909580437,
        "height": 0.25
      }
    },
    {
      "name": "obs-41",
      "shape": {
        "type": "rectangle",
        "bottomLeft": {
          "x": 20.102432836761277,
          "y": 34.986829369399473
        },
        "width": 7.80263909580437,
        "height": 0.25
      }
    },
    {
      "name": "obs-42",
      "shape": {
        "type": "rectangle",
        "bottomLeft": {
          "x": 20.102432836761277,
          "y": 36.236829369399473
        },
        "width": 7.80263909580437,
        "height": 0.25
      }
    },
    {
      "name": "obs-43",
      "shape": {
        "type": "rectangle",
        "bottomLeft": {
          "x": 1,
          "y": 9
        },
        "width": 1,
        "height": 2
      }
    },
    {
      "name": "obs-44",
      "shape": {
        "type": "rectangle",
        "bottomLeft": {
          "x": 3,
          "y": 9
        },
        "width": 1,
        "height": 2
      }
    },
    {
      "name": "obs-45",
      "shape": {
        "type": "rectangle",
        "bottomLeft": {
          "x": 5,
          "y": 9
        },
        "width": 1,
        "height": 2
      }
    },
    {
      "name": "obs-46",
      "shape": {
        "type": "rectangle",
        "bottomLeft": {
          "x": 7,
          "y": 9
        },
        "width": 1,
        "height": 2
      }
    },
    {
      "name": "obs-47",
      "shape": {
        "type": "rectangle",
        "bottomLeft": {
          "x": 9,
          "y": 9
        },
        "width": 1,
        "height": 2
      }
    },
    {
      "name": "obs-48",
      "shape": {
        "type": "rectangle",
        "bottomLeft": {
          "x": 11,
          "y": 9
        },
        "width": 1,
        "height": 2
      }
    },
    {
      "name": "obs-49",
      "shape": {
        "type": "rectangle",
        "bottomLeft": {
          "x": 13,
          "y": 9
        },
        "width": 1,
        "height": 2
      }
    },
    {
      "name": "obs-50",
      "shape": {
        "type": "rectangle",
        "bottomLeft": {
          "x": 19.264780401824272,
          "y": 9
        },
        "width": 1,
        "height": 2
      }
    },
    {
      "name": "obs-51",
      "shape": {
        "type": "rectangle",
        "bottomLeft": {
          "x": 21.264780401824272,
          "y": 9
        },
        "width": 1,
        "height": 2
      }
    },
    {
      "name": "obs-52",
      "shape": {
        "type": "rectangle",
        "bottomLeft": {
          "x": 23.264780401824272,
          "y": 9
        },
        "width": 1,
        "height": 2
      }
    },
    {
      "name": "obs-53",
      "shape": {
        "type": "rectangle",
        "bottomLeft": {
          "x": 25.264780401824272,
          "y": 9
        },
        "width": 1,
        "height": 2
      }
    },
    {
      "name": "obs-54",
      "shape": {
        "type": "rectangle",
        "bottomLeft": {
          "x": 27.264780401824272,
          "y": 9
        },
        "width": 1,
        "height": 2
      }
    },
    {
      "name": "obs-55",
      "shape": {
        "type": "rectangle",
        "bottomLeft": {
          "x": 29.264780401824272,
          "y": 9
        },
        "width": 1,
        "height": 2
      }
    },
    {
      "name": "obs-56",
      "shape": {
        "type": "rectangle",
        "bottomLeft": {
          "x": 31.264780401824272,
          "y": 9
        },
        "width": 1,
        "height": 2
      }
    },
    {
      "name": "obs-57",
      "shape": {
        "type": "rectangle",
        "bottomLeft": {
          "x": 33.264780401824268,
          "y": 9
        },
        "width": 1,
        "height": 2
      }
    },
    {
      "name": "obs-58",
      "shape": {
        "type": "rectangle",
        "bottomLeft": {
          "x": 35.264780401824268,
          "y": 9
        },
        "width": 1,
        "height": 2
      }
    },
    {
      "name": "obs-59",
      "shape": {
        "type": "rectangle",
        "bottomLeft": {
          "x": 37.264780401824268,
          "y": 9
        },
        "width": 1,
        "height": 2
      }
    },
    {
      "name": "obs-60",
      "shape": {
        "type": "rectangle",
        "bottomLeft": {
          "x": 4.75,
          "y": 0
        },
        "width": 0.25,
        "height": 5
      }
    },
    {
      "name": "obs-61",
      "shape": {
        "type": "rectangle",
        "bottomLeft": {
          "x": 0,
          "y": 4.75
        },
        "width": 2.5,
        "height": 0.25
      }
    },
    {
      "name": "obs-62",
      "shape": {
        "type": "rectangle",
        "bottomLeft": {
          "x": 9.75,
          "y": 0
        },
        "width": 0.25,
        "height": 5
      }
    },
    {
      "name": "obs-63",
      "shape": {
        "type": "rectangle",
        "bottomLeft": {
          "x": 5,
          "y": 4.75
        },
        "width": 2.5,
        "height": 0.25
      }
    },
    {
      "name": "obs-64",
      "shape": {
        "type": "rectangle",
        "bottomLeft": {
          "x": 14.75,
          "y": 0
        },
        "width": 0.25,
        "height": 5
      }
    },
    {
      "name": "obs-65",
      "shape": {
        "type": "rectangle",
        "bottomLeft": {
          "x": 10,
          "y": 4.75
        },
        "width": 2.5,
        "height": 0.25
      }
    },
    {
      "name": "obs-66",
      "shape": {
        "type": "rectangle",
        "bottomLeft": {
          "x": 35,
          "y": 0
        },
        "width": 0.25,
        "height": 5
      }
    },
    {
      "name": "obs-67",
      "shape": {
        "type": "rectangle",
        "bottomLeft": {
          "x": 37.5,
          "y": 4.75
        },
        "width": 2.5,
        "height": 0.25
      }
    },
    {
      "name": "obs-68",
      "shape": {
        "type": "rectangle",
        "bottomLeft": {
          "x": 30,
          "y": 0
        },
        "width": 0.25,
        "height": 5
      }
    },
    {
      "name": "obs-69",
      "shape": {
        "type": "rectangle",
        "bottomLeft": {
          "x": 32.5,
          "y": 4.75
        },
        "width": 2.5,
        "height": 0.25
      }
    },
    {
      "name": "obs-70",
      "shape": {
        "type": "rectangle",
        "bottomLeft": {
          "x": 25,
          "y": 0
        },
        "width": 0.25,
        "height": 5
      }
    },
    {
      "name": "obs-71",
      "shape": {
        "type": "rectangle",
        "bottomLeft": {
          "x": 27.5,
          "y": 4.75
        },
        "width": 2.5,
        "height": 0.25
      }
    }
  ],
  "accesses": [
    {
      "id": 0,
      "shape": {
        "type": "rectangle",
        "bottomLeft": {
          "y": 0,
          "x": 19
        },
        "width": 1,
        "height": 0.5
      }
    },
    {
      "id": 0,
      "shape": {
        "type": "rectangle",
        "bottomLeft": {
          "y": 0,
          "x": 20
        },
        "width": 1,
        "height": 0.5
      }
    }
  ]
}
]	,
	"gateways": [
{
  "id": 0,
  "domain1": 1,
  "domain2": 0
}
	]
}