{
	"domains": [
{
  "id": 1,
  "width": 49,
  "height": 50,
  "obstacles": [
    {
      "name": "obs-1",
      "shape": {
        "type": "rectangle",
        "bottomLeft": {
          "x": 2,
          "y": 15
        },
        "width": 0.25,
        "height": 6.15777159817548
      }
    },
    {
      "name": "obs-2",
      "shape": {
        "type": "rectangle",
        "bottomLeft": {
          "x": 3.25,
          "y": 15
        },
        "width": 0.25,
        "height": 6.15777159817548
      }
    },
    {
      "name": "obs-3",
      "shape": {
        "type": "rectangle",
        "bottomLeft": {
          "x": 4.5,
          "y": 15
        },
        "width": 0.25,
        "height": 6.15777159817548
      }
    },
    {
      "name": "obs-4",
      "shape": {
        "type": "rectangle",
        "bottomLeft": {
          "x": 5.75,
          "y": 15
        },
        "width": 0.25,
        "height": 6.15777159817548
      }
    },
    {
      "name": "obs-5",
      "shape": {
        "type": "rectangle",
        "bottomLeft": {
          "x": 7,
          "y": 15
        },
        "width": 0.25,
        "height": 6.15777159817548
      }
    },
    {
      "name": "obs-6",
      "shape": {
        "type": "rectangle",
        "bottomLeft": {
          "x": 8.25,
          "y": 15
        },
        "width": 0.25,
        "height": 6.15777159817548
      }
    },
    {
      "name": "obs-7",
      "shape": {
        "type": "rectangle",
        "bottomLeft": {
          "x": 9.5,
          "y": 15
        },
        "width": 0.25,
        "height": 6.15777159817548
      }
    },
    {
      "name": "obs-8",
      "shape": {
        "type": "rectangle",
        "bottomLeft": {
          "x": 2,
          "y": 23.157771598175479
        },
        "width": 8.8261635925366342,
        "height": 0.25
      }
    },
    {
      "name": "obs-9",
      "shape": {
        "type": "rectangle",
        "bottomLeft": {
          "x": 2,
          "y": 24.407771598175479
        },
        "width": 8.8261635925366342,
        "height": 0.25
      }
    },
    {
      "name": "obs-10",
      "shape": {
        "type": "rectangle",
        "bottomLeft": {
          "x": 2,
          "y": 25.657771598175479
        },
        "width": 8.8261635925366342,
        "height": 0.25
      }
    },
    {
      "name": "obs-11",
      "shape": {
        "type": "rectangle",
        "bottomLeft": {
          "x": 2,
          "y": 26.907771598175479
        },
        "width": 8.8261635925366342,
        "height": 0.25
      }
    },
    {
      "name": "obs-12",
      "shape": {
        "type": "rectangle",
        "bottomLeft": {
          "x": 2,
          "y": 28.157771598175479
        },
        "width": 8.8261635925366342,
        "height": 0.25
      }
    },
    {
      "name": "obs-13",
      "shape": {
        "type": "rectangle",
        "bottomLeft": {
          "x": 12.826163592536634,
          "y": 15
        },
        "width": 9.6475869508713927,
        "height": 0.25
      }
    },
    {
      "name": "obs-14",
      "shape": {
        "type": "rectangle",
        "bottomLeft": {
          "x": 12.826163592536634,
          "y": 16.25
        },
        "width": 9.6475869508713927,
        "height": 0.25
      }
    },
    {
      "name": "obs-15",
      "shape": {
        "type": "rectangle",
        "bottomLeft": {
          "x": 12.826163592536634,
          "y": 17.5
        },
        "width": 9.6475869508713927,
        "height": 0.25
      }
    },
    {
      "name": "obs-16",
      "shape": {
        "type": "rectangle",
        "bottomLeft": {
          "x": 12.826163592536634,
          "y": 18.75
        },
        "width": 9.6475869508713927,
        "height": 0.25
      }
    },
    {
      "name": "obs-17",
      "shape": {
        "type": "rectangle",
        "bottomLeft": {
          "x": 12.826163592536634,
          "y": 20
        },
        "width": 9.6475869508713927,
        "height": 0.25
      }
    },
    {
      "name": "obs-18",
      "shape": {
        "type": "rectangle",
        "bottomLeft": {
          "x": 12.826163592536634,
          "y": 21.25
        },
        "width": 9.6475869508713927,
        "height": 0.25
      }
    },
    {
      "name": "obs-19",
      "shape": {
        "type": "rectangle",
        "bottomLeft": {
          "x": 12.826163592536634,
          "y": 22.5
        },
        "width": 9.6475869508713927,
        "height": 0.25
      }
    },
    {
      "name": "obs-20",
      "shape": {
        "type": "rectangle",
        "bottomLeft": {
          "x": 12.826163592536634,
          "y": 23.75
        },
        "width": 9.6475869508713927,
        "height": 0.25
      }
    },
    {
      "name": "obs-21",
      "shape": {
        "type": "rectangle",
        "bottomLeft": {
          "x": 12.826163592536634,
          "y": 25
        },
        "width": 9.6475869508713927,
        "height": 0.25
      }
    },
    {
      "name": "obs-22",
      "shape": {
        "type": "rectangle",
        "bottomLeft": {
          "x": 12.826163592536634,
          "y": 26.25
        },
        "width": 9.6475869508713927,
        "height": 0.25
      }
    },
    {
      "name": "obs-23",
      "shape": {
        "type": "rectangle",
        "bottomLeft": {
          "x": 12.826163592536634,
          "y": 27.5
        },
        "width": 9.6475869508713927,
        "height": 0.25
      }
    },
    {
      "name": "obs-24",
      "shape": {
        "type": "rectangle",
        "bottomLeft": {
          "x": 12.826163592536634,
          "y": 28.75
        },
        "width": 9.6475869508713927,
        "height": 0.25
      }
    },
    {
      "name": "obs-25",
      "shape": {
        "type": "rectangle",
        "bottomLeft": {
          "x": 24.473750543408027,
          "y": 15
        },
        "width": 0.25,
        "height": 5.9260810480800856
      }
    },
    {
      "name": "obs-26",
      "shape": {
        "type": "rectangle",
        "bottomLeft": {
          "x": 25.723750543408027,
          "y": 15
        },
        "width": 0.25,
        "height": 5.9260810480800856
      }
    },
    {
      "name": "obs-27",
      "shape": {
        "type": "rectangle",
        "bottomLeft": {
          "x": 26.973750543408027,
          "y": 15
        },
        "width": 0.25,
        "height": 5.9260810480800856
      }
    },
    {
      "name": "obs-28",
      "shape": {
        "type": "rectangle",
        "bottomLeft": {
          "x": 28.223750543408027,
          "y": 15
        },
        "width": 0.25,
        "height": 5.9260810480800856
      }
    },
    {
      "name": "obs-29",
      "shape": {
        "type": "rectangle",
        "bottomLeft": {
          "x": 29.473750543408027,
          "y": 15
        },
        "width": 0.25,
        "height": 5.9260810480800856
      }
    },
    {
      "name": "obs-30",
      "shape": {
        "type": "rectangle",
        "bottomLeft": {
          "x": 30.723750543408027,
          "y": 15
        },
        "width": 0.25,
        "height": 5.9260810480800856
      }
    },
    {
      "name": "obs-31",
      "shape": {
        "type": "rectangle",
        "bottomLeft": {
          "x": 31.973750543408027,
          "y": 15
        },
        "width": 0.25,
        "height": 5.9260810480800856
      }
    },
    {
      "name": "obs-32",
      "shape": {
        "type": "rectangle",
        "bottomLeft": {
          "x": 33.22375054340803,
          "y": 15
        },
        "width": 0.25,
        "height": 5.9260810480800856
      }
    },
    {
      "name": "obs-33",
      "shape": {
        "type": "rectangle",
        "bottomLeft": {
          "x": 34.47375054340803,
          "y": 15
        },
        "width": 0.25,
        "height": 5.9260810480800856
      }
    },
    {
      "name": "obs-34",
      "shape": {
        "type": "rectangle",
        "bottomLeft": {
          "x": 35.72375054340803,
          "y": 15
        },
        "width": 0.25,
        "height": 5.9260810480800856
      }
    },
    {
      "name": "obs-35",
      "shape": {
        "type": "rectangle",
        "bottomLeft": {
          "x": 36.97375054340803,
          "y": 15
        },
        "width": 0.25,
        "height": 5.9260810480800856
      }
    },
    {
      "name": "obs-36",
      "shape": {
        "type": "rectangle",
        "bottomLeft": {
          "x": 38.22375054340803,
          "y": 15
        },
        "width": 0.25,
        "height": 5.9260810480800856
      }
    },
    {
      "name": "obs-37",
      "shape": {
        "type": "rectangle",
        "bottomLeft": {
          "x": 39.47375054340803,
          "y": 15
        },
        "width": 0.25,
        "height": 5.9260810480800856
      }
    },
    {
      "name": "obs-38",
      "shape": {
        "type": "rectangle",
        "bottomLeft": {
          "x": 40.72375054340803,
          "y": 15
        },
        "width": 0.25,
        "height": 5.9260810480800856
      }
    },
    {
      "name": "obs-39",
      "shape": {
        "type": "rectangle",
        "bottomLeft": {
          "x": 41.97375054340803,
          "y": 15
        },
        "width": 0.25,
        "height": 5.9260810480800856
      }
    },
    {
      "name": "obs-40",
      "shape": {
        "type": "rectangle",
        "bottomLeft": {
          "x": 43.22375054340803,
          "y": 15
        },
        "width": 0.25,
        "height": 5.9260810480800856
      }
    },
    {
      "name": "obs-41",
      "shape": {
        "type": "rectangle",
        "bottomLeft": {
          "x": 44.47375054340803,
          "y": 15
        },
        "width": 0.25,
        "height": 5.9260810480800856
      }
    },
    {
      "name": "obs-42",
      "shape": {
        "type": "rectangle",
        "bottomLeft": {
          "x": 45.72375054340803,
          "y": 15
        },
        "width": 0.25,
        "height": 5.9260810480800856
      }
    },
    {
      "name": "obs-43",
      "shape": {
        "type": "rectangle",
        "bottomLeft": {
          "x": 24.473750543408027,
          "y": 22.926081048080086
        },
        "width": 9.6277951150916117,
        "height": 0.25
      }
    },
    {
      "name": "obs-44",
      "shape": {
        "type": "rectangle",
        "bottomLeft": {
          "x": 24.473750543408027,
          "y": 24.176081048080086
        },
        "width": 9.6277951150916117,
        "height": 0.25
      }
    },
    {
      "name": "obs-45",
      "shape": {
        "type": "rectangle",
        "bottomLeft": {
          "x": 24.473750543408027,
          "y": 25.426081048080086
        },
        "width": 9.6277951150916117,
        "height": 0.25
      }
    },
    {
      "name": "obs-46",
      "shape": {
        "type": "rectangle",
        "bottomLeft": {
          "x": 24.473750543408027,
          "y": 26.676081048080086
        },
        "width": 9.6277951150916117,
        "height": 0.25
      }
    },
    {
      "name": "obs-47",
      "shape": {
        "type": "rectangle",
        "bottomLeft": {
          "x": 24.473750543408027,
          "y": 27.926081048080086
        },
        "width": 9.6277951150916117,
        "height": 0.25
      }
    },
    {
      "name": "obs-48",
      "shape": {
        "type": "rectangle",
        "bottomLeft": {
          "x": 24.473750543408027,
          "y": 29.176081048080086
        },
        "width": 9.6277951150916117,
        "height": 0.25
      }
    },
    {
      "name": "obs-49",
      "shape": {
        "type": "rectangle",
        "bottomLeft": {
          "x": 38.101545658499639,
          "y": 24.926081048080086
        },
        "width": 0.36071241514843955,
        "height": 2.6911456202732751
      }
    },
    {
      "name": "obs-50",
      "shape": {
        "type": "rectangle",
        "bottomLeft": {
          "x": 44.46225807364808,
          "y": 24.926081048080086
        },
        "width": 0.53774192635192186,
        "height": 2.6911456202732751
      }
    },
    {
      "name": "obs-51",
      "shape": {
        "type": "rectangle",
        "bottomLeft": {
          "x": 2,
          "y": 31.617226668353361
        },
        "width": 9.1986822077344925,
        "height": 0.25
      }
    },
    {
      "name": "obs-52",
      "shape": {
        "type": "rectangle",
        "bottomLeft": {
          "x": 2,
          "y": 32.867226668353361
        },
        "width": 9.1986822077344925,
        "height": 0.25
      }
    },
    {
      "name": "obs-53",
      "shape": {
        "type": "rectangle",
        "bottomLeft": {
          "x": 2,
          "y": 34.117226668353361
        },
        "width": 9.1986822077344925,
        "height": 0.25
      }
    },
    {
      "name": "obs-54",
      "shape": {
        "type": "rectangle",
        "bottomLeft": {
          "x": 2,
          "y": 35.367226668353361
        },
        "width": 9.1986822077344925,
        "height": 0.25
      }
    },
    {
      "name": "obs-55",
      "shape": {
        "type": "rectangle",
        "bottomLeft": {
          "x": 2,
          "y": 36.617226668353361
        },
        "width": 9.1986822077344925,
        "height": 0.25
      }
    },
    {
      "name": "obs-56",
      "shape": {
        "type": "rectangle",
        "bottomLeft": {
          "x": 2,
          "y": 37.867226668353361
        },
        "width": 9.1986822077344925,
        "height": 0.25
      }
    },
    {
      "name": "obs-57",
      "shape": {
        "type": "rectangle",
        "bottomLeft": {
          "x": 13.198682207734493,
          "y": 31.617226668353361
        },
        "width": 0.25,
        "height": 6.8921994823856334
      }
    },
    {
      "name": "obs-58",
      "shape": {
        "type": "rectangle",
        "bottomLeft": {
          "x": 14.448682207734493,
          "y": 31.617226668353361
        },
        "width": 0.25,
        "height": 6.8921994823856334
      }
    },
    {
      "name": "obs-59",
      "shape": {
        "type": "rectangle",
        "bottomLeft": {
          "x": 15.698682207734493,
          "y": 31.617226668353361
        },
        "width": 0.25,
        "height": 6.8921994823856334
      }
    },
    {
      "name": "obs-60",
      "shape": {
        "type": "rectangle",
        "bottomLeft": {
          "x": 18.964786417987863,
          "y": 31.617226668353361
        },
        "width": 0.25,
        "height": 6.8921994823856334
      }
    },
    {
      "name": "obs-61",
      "shape": {
        "type": "rectangle",
        "bottomLeft": {
          "x": 20.214786417987863,
          "y": 31.617226668353361
        },
        "width": 0.25,
        "height": 6.8921994823856334
      }
    },
    {
      "name": "obs-62",
      "shape": {
        "type": "rectangle",
        "bottomLeft": {
          "x": 21.464786417987863,
          "y": 31.617226668353361
        },
        "width": 0.25,
        "height": 6.8921994823856334
      }
    },
    {
      "name": "obs-63",
      "shape": {
        "type": "rectangle",
        "bottomLeft": {
          "x": 22.714786417987863,
          "y": 31.617226668353361
        },
        "width": 0.25,
        "height": 6.8921994823856334
      }
    },
    {
      "name": "obs-64",
      "shape": {
        "type": "rectangle",
        "bottomLeft": {
          "x": 25.475482513944517,
          "y": 31.617226668353361
        },
        "width": 8.8523150946575839,
        "height": 0.25
      }
    },
    {
      "name": "obs-65",
      "shape": {
        "type": "rectangle",
        "bottomLeft": {
          "x": 25.475482513944517,
          "y": 32.867226668353361
        },
        "width": 8.8523150946575839,
        "height": 0.25
      }
    },
    {
      "name": "obs-66",
      "shape": {
        "type": "rectangle",
        "bottomLeft": {
          "x": 25.475482513944517,
          "y": 34.117226668353361
        },
        "width": 8.8523150946575839,
        "height": 0.25
      }
    },
    {
      "name": "obs-67",
      "shape": {
        "type": "rectangle",
        "bottomLeft": {
          "x": 25.475482513944517,
          "y": 35.367226668353361
        },
        "width": 8.8523150946575839,
        "height": 0.25
      }
    },
    {
      "name": "obs-68",
      "shape": {
        "type": "rectangle",
        "bottomLeft": {
          "x": 25.475482513944517,
          "y": 36.617226668353361
        },
        "width": 8.8523150946575839,
        "height": 0.25
      }
    },
    {
      "name": "obs-69",
      "shape": {
        "type": "rectangle",
        "bottomLeft": {
          "x": 25.475482513944517,
          "y": 37.867226668353361
        },
        "width": 8.8523150946575839,
        "height": 0.25
      }
    },
    {
      "name": "obs-70",
      "shape": {
        "type": "rectangle",
        "bottomLeft": {
          "x": 36.3277976086021,
          "y": 31.617226668353361
        },
        "width": 0.25,
        "height": 6.8921994823856334
      }
    },
    {
      "name": "obs-71",
      "shape": {
        "type": "rectangle",
        "bottomLeft": {
          "x": 37.5777976086021,
          "y": 31.617226668353361
        },
        "width": 0.25,
        "height": 6.8921994823856334
      }
    },
    {
      "name": "obs-72",
      "shape": {
        "type": "rectangle",
        "bottomLeft": {
          "x": 38.8277976086021,
          "y": 31.617226668353361
        },
        "width": 0.25,
        "height": 6.8921994823856334
      }
    },
    {
      "name": "obs-73",
      "shape": {
        "type": "rectangle",
        "bottomLeft": {
          "x": 40.0777976086021,
          "y": 31.617226668353361
        },
        "width": 0.25,
        "height": 6.8921994823856334
      }
    },
    {
      "name": "obs-74",
      "shape": {
        "type": "rectangle",
        "bottomLeft": {
          "x": 42.542888828932419,
          "y": 31.617226668353361
        },
        "width": 0.25,
        "height": 6.8921994823856334
      }
    },
    {
      "name": "obs-75",
      "shape": {
        "type": "rectangle",
        "bottomLeft": {
          "x": 43.792888828932419,
          "y": 31.617226668353361
        },
        "width": 0.25,
        "height": 6.8921994823856334
      }
    },
    {
      "name": "obs-76",
      "shape": {
        "type": "rectangle",
        "bottomLeft": {
          "x": 45.042888828932419,
          "y": 31.617226668353361
        },
        "width": 0.25,
        "height": 6.8921994823856334
      }
    },
    {
      "name": "obs-77",
      "shape": {
        "type": "rectangle",
        "bottomLeft": {
          "x": 46.292888828932419,
          "y": 31.617226668353361
        },
        "width": 0.25,
        "height": 6.8921994823856334
      }
    },
    {
      "name": "obs-78",
      "shape": {
        "type": "rectangle",
        "bottomLeft": {
          "x": 25.475482513944517,
          "y": 40.509426150738996
        },
        "width": 21.524517486055483,
        "height": 0.25
      }
    },
    {
      "name": "obs-79",
      "shape": {
        "type": "rectangle",
        "bottomLeft": {
          "x": 25.475482513944517,
          "y": 41.759426150738996
        },
        "width": 21.524517486055483,
        "height": 0.25
      }
    },
    {
      "name": "obs-80",
      "shape": {
        "type": "rectangle",
        "bottomLeft": {
          "x": 25.475482513944517,
          "y": 43.009426150738996
        },
        "width": 21.524517486055483,
        "height": 0.25
      }
    },
    {
      "name": "obs-81",
      "shape": {
        "type": "rectangle",
        "bottomLeft": {
          "x": 25.475482513944517,
          "y": 44.259426150738996
        },
        "width": 21.524517486055483,
        "height": 0.25
      }
    },
    {
      "name": "obs-82",
      "shape": {
        "type": "rectangle",
        "bottomLeft": {
          "x": 25.475482513944517,
          "y": 45.509426150738996
        },
        "width": 21.524517486055483,
        "height": 0.25
      }
    },
    {
      "name": "obs-83",
      "shape": {
        "type": "rectangle",
        "bottomLeft": {
          "x": 25.475482513944517,
          "y": 46.759426150738996
        },
        "width": 21.524517486055483,
        "height": 0.25
      }
    },
    {
      "name": "obs-84",
      "shape": {
        "type": "rectangle",
        "bottomLeft": {
          "x": 2,
          "y": 40.509426150738996
        },
        "width": 0.25,
        "height": 7.4905738492610059
      }
    },
    {
      "name": "obs-85",
      "shape": {
        "type": "rectangle",
        "bottomLeft": {
          "x": 3.25,
          "y": 40.509426150738996
        },
        "width": 0.25,
        "height": 7.4905738492610059
      }
    },
    {
      "name": "obs-86",
      "shape": {
        "type": "rectangle",
        "bottomLeft": {
          "x": 4.5,
          "y": 40.509426150738996
        },
        "width": 0.25,
        "height": 7.4905738492610059
      }
    },
    {
      "name": "obs-87",
      "shape": {
        "type": "rectangle",
        "bottomLeft": {
          "x": 5.75,
          "y": 40.509426150738996
        },
        "width": 0.25,
        "height": 7.4905738492610059
      }
    },
    {
      "name": "obs-88",
      "shape": {
        "type": "rectangle",
        "bottomLeft": {
          "x": 7,
          "y": 40.509426150738996
        },
        "width": 0.25,
        "height": 7.4905738492610059
      }
    },
    {
      "name": "obs-89",
      "shape": {
        "type": "rectangle",
        "bottomLeft": {
          "x": 8.25,
          "y": 40.509426150738996
        },
        "width": 0.25,
        "height": 7.4905738492610059
      }
    },
    {
      "name": "obs-90",
      "shape": {
        "type": "rectangle",
        "bottomLeft": {
          "x": 9.5,
          "y": 40.509426150738996
        },
        "width": 0.25,
        "height": 7.4905738492610059
      }
    },
    {
      "name": "obs-91",
      "shape": {
        "type": "rectangle",
        "bottomLeft": {
          "x": 10.75,
          "y": 40.509426150738996
        },
        "width": 0.25,
        "height": 7.4905738492610059
      }
    },
    {
      "name": "obs-92",
      "shape": {
        "type": "rectangle",
        "bottomLeft": {
          "x": 13.355706424171819,
          "y": 40.509426150738996
        },
        "width": 0.25,
        "height": 7.4905738492610059
      }
    },
    {
      "name": "obs-93",
      "shape": {
        "type": "rectangle",
        "bottomLeft": {
          "x": 14.605706424171819,
          "y": 40.509426150738996
        },
        "width": 0.25,
        "height": 7.4905738492610059
      }
    },
    {
      "name": "obs-94",
      "shape": {
        "type": "rectangle",
        "bottomLeft": {
          "x": 15.855706424171819,
          "y": 40.509426150738996
        },
        "width": 0.25,
        "height": 7.4905738492610059
      }
    },
    {
      "name": "obs-95",
      "shape": {
        "type": "rectangle",
        "bottomLeft": {
          "x": 19.261207245564528,
          "y": 40.509426150738996
        },
        "width": 0.25,
        "height": 7.4905738492610059
      }
    },
    {
      "name": "obs-96",
      "shape": {
        "type": "rectangle",
        "bottomLeft": {
          "x": 20.511207245564528,
          "y": 40.509426150738996
        },
        "width": 0.25,
        "height": 7.4905738492610059
      }
    },
    {
      "name": "obs-97",
      "shape": {
        "type": "rectangle",
        "bottomLeft": {
          "x": 21.761207245564528,
          "y": 40.509426150738996
        },
        "width": 0.25,
        "height": 7.4905738492610059
      }
    },
    {
      "name": "obs-98",
      "shape": {
        "type": "rectangle",
        "bottomLeft": {
          "x": 23.011207245564528,
          "y": 40.509426150738996
        },
        "width": 0.25,
        "height": 7.4905738492610059
      }
    },
    {
      "name": "obs-99",
      "shape": {
        "type": "rectangle",
        "bottomLeft": {
          "x": 1,
          "y": 9
        },
        "width": 1,
        "height": 2
      }
    },
    {
      "name": "obs-100",
      "shape": {
        "type": "rectangle",
        "bottomLeft": {
          "x": 3,
          "y": 9
        },
        "width": 1,
        "height": 2
      }
    },
    {
      "name": "obs-101",
      "shape": {
        "type": "rectangle",
        "bottomLeft": {
          "x": 5,
          "y": 9
        },
        "width": 1,
        "height": 2
      }
    },
    {
      "name": "obs-102",
      "shape": {
        "type": "rectangle",
        "bottomLeft": {
          "x": 7,
          "y": 9
        },
        "width": 1,
        "height": 2
      }
    },
    {
      "name": "obs-103",
      "shape": {
        "type": "rectangle",
        "bottomLeft": {
          "x": 9,
          "y": 9
        },
        "width": 1,
        "height": 2
      }
    },
    {
      "name": "obs-104",
      "shape": {
        "type": "rectangle",
        "bottomLeft": {
          "x": 11,
          "y": 9
        },
        "width": 1,
        "height": 2
      }
    },
    {
      "name": "obs-105",
      "shape": {
        "type": "rectangle",
        "bottomLeft": {
          "x": 17.0073181030235,
          "y": 9
        },
        "width": 1,
        "height": 2
      }
    },
    {
      "name": "obs-106",
      "shape": {
        "type": "rectangle",
        "bottomLeft": {
          "x": 19.0073181030235,
          "y": 9
        },
        "width": 1,
        "height": 2
      }
    },
    {
      "name": "obs-107",
      "shape": {
        "type": "rectangle",
        "bottomLeft": {
          "x": 21.0073181030235,
          "y": 9
        },
        "width": 1,
        "height": 2
      }
    },
    {
      "name": "obs-108",
      "shape": {
        "type": "rectangle",
        "bottomLeft": {
          "x": 23.0073181030235,
          "y": 9
        },
        "width": 1,
        "height": 2
      }
    },
    {
      "name": "obs-109",
      "shape": {
        "type": "rectangle",
        "bottomLeft": {
          "x": 25.0073181030235,
          "y": 9
        },
        "width": 1,
        "height": 2
      }
    },
    {
      "name": "obs-110",
      "shape": {
        "type": "rectangle",
        "bottomLeft": {
          "x": 27.0073181030235,
          "y": 9
        },
        "width": 1,
        "height": 2
      }
    },
    {
      "name": "obs-111",
      "shape": {
        "type": "rectangle",
        "bottomLeft": {
          "x": 29.0073181030235,
          "y": 9
        },
        "width": 1,
        "height": 2
      }
    },
    {
      "name": "obs-112",
      "shape": {
        "type": "rectangle",
        "bottomLeft": {
          "x": 31.0073181030235,
          "y": 9
        },
        "width": 1,
        "height": 2
      }
    },
    {
      "name": "obs-113",
      "shape": {
        "type": "rectangle",
        "bottomLeft": {
          "x": 33.0073181030235,
          "y": 9
        },
        "width": 1,
        "height": 2
      }
    },
    {
      "name": "obs-114",
      "shape": {
        "type": "rectangle",
        "bottomLeft": {
          "x": 35.0073181030235,
          "y": 9
        },
        "width": 1,
        "height": 2
      }
    },
    {
      "name": "obs-115",
      "shape": {
        "type": "rectangle",
        "bottomLeft": {
          "x": 37.0073181030235,
          "y": 9
        },
        "width": 1,
        "height": 2
      }
    },
    {
      "name": "obs-116",
      "shape": {
        "type": "rectangle",
        "bottomLeft": {
          "x": 39.0073181030235,
          "y": 9
        },
        "width": 1,
        "height": 2
      }
    },
    {
      "name": "obs-117",
      "shape": {
        "type": "rectangle",
        "bottomLeft": {
          "x": 41.0073181030235,
          "y": 9
        },
        "width": 1,
        "height": 2
      }
    },
    {
      "name": "obs-118",
      "shape": {
        "type": "rectangle",
        "bottomLeft": {
          "x": 43.0073181030235,
          "y": 9
        },
        "width": 1,
        "height": 2
      }
    },
    {
      "name": "obs-119",
      "shape": {
        "type": "rectangle",
        "bottomLeft": {
          "x": 45.0073181030235,
          "y": 9
        },
        "width": 1,
        "height": 2
      }
    },
    {
      "name": "obs-120",
      "shape": {
        "type": "rectangle",
        "bottomLeft": {
          "x": 47.0073181030235,
          "y": 9
        },
        "width": 1,
        "height": 2
      }
    },
    {
      "name": "obs-121",
      "shape": {
        "type": "rectangle",
        "bottomLeft": {
          "x": 4.75,
          "y": 0
        },
        "width": 0.25,
        "height": 5
      }
    },
    {
      "name": "obs-122",
      "shape": {
        "type": "rectangle",
        "bottomLeft": {
          "x": 0,
          "y": 4.75
        },
        "width": 2.5,
        "height": 0.25
      }
    },
    {
      "name": "obs-123",
      "shape": {
        "type": "rectangle",
        "bottomLeft": {
          "x": 9.75,
          "y": 0
        },
        "width": 0.25,
        "height": 5
      }
    },
    {
      "name": "obs-124",
      "shape": {
        "type": "rectangle",
        "bottomLeft": {
          "x": 5,
          "y": 4.75
        },
        "width": 2.5,
        "height": 0.25
      }
    },
    {
      "name": "obs-125",
      "shape": {
        "type": "rectangle",
        "bottomLeft": {
          "x": 14.75,
          "y": 0
        },
        "width": 0.25,
        "height": 5
      }
    },
    {
      "name": "obs-126",
      "shape": {
        "type": "rectangle",
        "bottomLeft": {
          "x": 10,
          "y": 4.75
        },
        "width": 2.5,
        "height": 0.25
      }
    },
    {
      "name": "obs-127",
      "shape": {
        "type": "rectangle",
        "bottomLeft": {
          "x": 19.75,
          "y": 0
        },
        "width": 0.25,
        "height": 5
      }
    },
    {
      "name": "obs-128",
      "shape": {
        "type": "rectangle",
        "bottomLeft": {
          "x": 15,
          "y": 4.75
        },
        "width": 2.5,
        "height": 0.25
      }
    },
    {
      "name": "obs-129",
      "shape": {
        "type": "rectangle",
        "bottomLeft": {
          "x": 44,
          "y": 0
        },
        "width": 0.25,
        "height": 5
      }
    },
    {
      "name": "obs-130",
      "shape": {
        "type": "rectangle",
        "bottomLeft": {
          "x": 46.5,
          "y": 4.75
        },
        "width": 2.5,
        "height": 0.25
      }
    },
    {
      "name": "obs-131",
      "shape": {
        "type": "rectangle",
        "bottomLeft": {
          "x": 39,
          "y": 0
        },
        "width": 0.25,
        "height": 5
      }
    },
    {
      "name": "obs-132",
      "shape": {
        "type": "rectangle",
        "bottomLeft": {
          "x": 41.5,
          "y": 4.75
        },
        "width": 2.5,
        "height": 0.25
      }
    },
    {
      "name": "obs-133",
      "shape": {
        "type": "rectangle",
        "bottomLeft": {
          "x": 34,
          "y": 0
        },
        "width": 0.25,
        "height": 5
      }
    },
    {
      "name": "obs-134",
      "shape": {
        "type": "rectangle",
        "bottomLeft": {
          "x": 36.5,
          "y": 4.75
        },
        "width": 2.5,
        "height": 0.25
      }
    },
    {
      "name": "obs-135",
      "shape": {
        "type": "rectangle",
        "bottomLeft": {
          "x": 29,
          "y": 0
        },
        "width": 0.25,
        "height": 5
      }
    },
    {
      "name": "obs-136",
      "shape": {
        "type": "rectangle",
        "bottomLeft": {
          "x": 31.5,
          "y": 4.75
        },
        "width": 2.5,
        "height": 0.25
      }
    }
  ],
  "accesses": [
    {
      "id": 0,
      "shape": {
        "type": "rectangle",
        "bottomLeft": {
          "y": 0,
          "x": 23.5
        },
        "width": 1,
        "height": 0.5
      }
    },
    {
      "id": 0,
      "shape": {
        "type": "rectangle",
        "bottomLeft": {
          "y": 0,
          "x": 24.5
        },
        "width": 1,
        "height": 0.5
      }
    }
  ]
}
]	,
	"gateways": [
{
  "id": 0,
  "domain1": 1,
  "domain2": 0
}
	]
}