{
	"domains": [
{
  "id": 1,
  "width": 44,
  "height": 45,
  "obstacles": [
    {
      "name": "obs-1",
      "shape": {
        "type": "rectangle",
        "bottomLeft": {
          "x": 2,
          "y": 15
        },
        "width": 0.25,
        "height": 12.113769752333727
      }
    },
    {
      "name": "obs-2",
      "shape": {
        "type": "rectangle",
        "bottomLeft": {
          "x": 3.25,
          "y": 15
        },
        "width": 0.25,
        "height": 12.113769752333727
      }
    },
    {
      "name": "obs-3",
      "shape": {
        "type": "rectangle",
        "bottomLeft": {
          "x": 4.5,
          "y": 15
        },
        "width": 0.25,
        "height": 12.113769752333727
      }
    },
    {
      "name": "obs-4",
      "shape": {
        "type": "rectangle",
        "bottomLeft": {
          "x": 5.75,
          "y": 15
        },
        "width": 0.25,
        "height": 12.113769752333727
      }
    },
    {
      "name": "obs-5",
      "shape": {
        "type": "rectangle",
        "bottomLeft": {
          "x": 7,
          "y": 15
        },
        "width": 0.25,
        "height": 12.113769752333727
      }
    },
    {
      "name": "obs-6",
      "shape": {
        "type": "rectangle",
        "bottomLeft": {
          "x": 8.25,
          "y": 15
        },
        "width": 0.25,
        "height": 12.113769752333727
      }
    },
    {
      "name": "obs-7",
      "shape": {
        "type": "rectangle",
        "bottomLeft": {
          "x": 11.411547583342,
          "y": 15
        },
        "width": 8.6633741699669855,
        "height": 0.25
      }
    },
    {
      "name": "obs-8",
      "shape": {
        "type": "rectangle",
        "bottomLeft": {
          "x": 11.411547583342,
          "y": 16.25
        },
        "width": 8.6633741699669855,
        "height": 0.25
      }
    },
    {
      "name": "obs-9",
      "shape": {
        "type": "rectangle",
        "bottomLeft": {
          "x": 11.411547583342,
          "y": 17.5
        },
        "width": 8.6633741699669855,
        "height": 0.25
      }
    },
    {
      "name": "obs-10",
      "shape": {
        "type": "rectangle",
        "bottomLeft": {
          "x": 11.411547583342,
          "y": 18.75
        },
        "width": 8.6633741699669855,
        "height": 0.25
      }
    },
    {
      "name": "obs-11",
      "shape": {
        "type": "rectangle",
        "bottomLeft": {
          "x": 13.411547583342,
          "y": 23.657403240054155
        },
        "width": 4.6633741699669855,
        "height": 1.4563665122795735
      }
    },
    {
      "name": "obs-12",
      "shape": {
        "type": "rectangle",
        "bottomLeft": {
          "x": 24.074921753308985,
          "y": 17
        },
        "width": 4.6694073783175867,
        "height": 0.90576053901209708
      }
    },
    {
      "name": "obs-13",
      "shape": {
        "type": "rectangle",
        "bottomLeft": {
          "x": 24.074921753308985,
          "y": 23.905760539012096
        },
        "width": 4.6694073783175867,
        "height": 1.2080092133216302
      }
    },
    {
      "name": "obs-14",
      "shape": {
        "type": "rectangle",
        "bottomLeft": {
          "x": 32.744329131626571,
          "y": 15
        },
        "width": 9.2556708683734286,
        "height": 0.25
      }
    },
    {
      "name": "obs-15",
      "shape": {
        "type": "rectangle",
        "bottomLeft": {
          "x": 32.744329131626571,
          "y": 16.25
        },
        "width": 9.2556708683734286,
        "height": 0.25
      }
    },
    {
      "name": "obs-16",
      "shape": {
        "type": "rectangle",
        "bottomLeft": {
          "x": 32.744329131626571,
          "y": 17.5
        },
        "width": 9.2556708683734286,
        "height": 0.25
      }
    },
    {
      "name": "obs-17",
      "shape": {
        "type": "rectangle",
        "bottomLeft": {
          "x": 32.744329131626571,
          "y": 18.75
        },
        "width": 9.2556708683734286,
        "height": 0.25
      }
    },
    {
      "name": "obs-18",
      "shape": {
        "type": "rectangle",
        "bottomLeft": {
          "x": 32.744329131626571,
          "y": 21.921097973166891
        },
        "width": 0.25,
        "height": 5.1926717791668366
      }
    },
    {
      "name": "obs-19",
      "shape": {
        "type": "rectangle",
        "bottomLeft": {
          "x": 33.994329131626571,
          "y": 21.921097973166891
        },
        "width": 0.25,
        "height": 5.1926717791668366
      }
    },
    {
      "name": "obs-20",
      "shape": {
        "type": "rectangle",
        "bottomLeft": {
          "x": 35.244329131626571,
          "y": 21.921097973166891
        },
        "width": 0.25,
        "height": 5.1926717791668366
      }
    },
    {
      "name": "obs-21",
      "shape": {
        "type": "rectangle",
        "bottomLeft": {
          "x": 36.494329131626571,
          "y": 21.921097973166891
        },
        "width": 0.25,
        "height": 5.1926717791668366
      }
    },
    {
      "name": "obs-22",
      "shape": {
        "type": "rectangle",
        "bottomLeft": {
          "x": 37.744329131626571,
          "y": 21.921097973166891
        },
        "width": 0.25,
        "height": 5.1926717791668366
      }
    },
    {
      "name": "obs-23",
      "shape": {
        "type": "rectangle",
        "bottomLeft": {
          "x": 38.994329131626571,
          "y": 21.921097973166891
        },
        "width": 0.25,
        "height": 5.1926717791668366
      }
    },
    {
      "name": "obs-24",
      "shape": {
        "type": "rectangle",
        "bottomLeft": {
          "x": 40.244329131626571,
          "y": 21.921097973166891
        },
        "width": 0.25,
        "height": 5.1926717791668366
      }
    },
    {
      "name": "obs-25",
      "shape": {
        "type": "rectangle",
        "bottomLeft": {
          "x": 41.494329131626571,
          "y": 21.921097973166891
        },
        "width": 0.25,
        "height": 5.1926717791668366
      }
    },
    {
      "name": "obs-26",
      "shape": {
        "type": "rectangle",
        "bottomLeft": {
          "x": 22.074921753308985,
          "y": 29.113769752333727
        },
        "width": 0.25,
        "height": 5.53655791271687
      }
    },
    {
      "name": "obs-27",
      "shape": {
        "type": "rectangle",
        "bottomLeft": {
          "x": 23.324921753308985,
          "y": 29.113769752333727
        },
        "width": 0.25,
        "height": 5.53655791271687
      }
    },
    {
      "name": "obs-28",
      "shape": {
        "type": "rectangle",
        "bottomLeft": {
          "x": 24.574921753308985,
          "y": 29.113769752333727
        },
        "width": 0.25,
        "height": 5.53655791271687
      }
    },
    {
      "name": "obs-29",
      "shape": {
        "type": "rectangle",
        "bottomLeft": {
          "x": 25.824921753308985,
          "y": 29.113769752333727
        },
        "width": 0.25,
        "height": 5.53655791271687
      }
    },
    {
      "name": "obs-30",
      "shape": {
        "type": "rectangle",
        "bottomLeft": {
          "x": 27.074921753308985,
          "y": 29.113769752333727
        },
        "width": 0.25,
        "height": 5.53655791271687
      }
    },
    {
      "name": "obs-31",
      "shape": {
        "type": "rectangle",
        "bottomLeft": {
          "x": 28.324921753308985,
          "y": 29.113769752333727
        },
        "width": 0.25,
        "height": 5.53655791271687
      }
    },
    {
      "name": "obs-32",
      "shape": {
        "type": "rectangle",
        "bottomLeft": {
          "x": 29.574921753308985,
          "y": 29.113769752333727
        },
        "width": 0.25,
        "height": 5.53655791271687
      }
    },
    {
      "name": "obs-33",
      "shape": {
        "type": "rectangle",
        "bottomLeft": {
          "x": 30.824921753308985,
          "y": 29.113769752333727
        },
        "width": 0.25,
        "height": 5.53655791271687
      }
    },
    {
      "name": "obs-34",
      "shape": {
        "type": "rectangle",
        "bottomLeft": {
          "x": 32.074921753308985,
          "y": 29.113769752333727
        },
        "width": 0.25,
        "height": 5.53655791271687
      }
    },
    {
      "name": "obs-35",
      "shape": {
        "type": "rectangle",
        "bottomLeft": {
          "x": 33.324921753308985,
          "y": 29.113769752333727
        },
        "width": 0.25,
        "height": 5.53655791271687
      }
    },
    {
      "name": "obs-36",
      "shape": {
        "type": "rectangle",
        "bottomLeft": {
          "x": 34.574921753308985,
          "y": 29.113769752333727
        },
        "width": 0.25,
        "height": 5.53655791271687
      }
    },
    {
      "name": "obs-37",
      "shape": {
        "type": "rectangle",
        "bottomLeft": {
          "x": 35.824921753308985,
          "y": 29.113769752333727
        },
        "width": 0.25,
        "height": 5.53655791271687
      }
    },
    {
      "name": "obs-38",
      "shape": {
        "type": "rectangle",
        "bottomLeft": {
          "x": 37.074921753308985,
          "y": 29.113769752333727
        },
        "width": 0.25,
        "height": 5.53655791271687
      }
    },
    {
      "name": "obs-39",
      "shape": {
        "type": "rectangle",
        "bottomLeft": {
          "x": 38.324921753308985,
          "y": 29.113769752333727
        },
        "width": 0.25,
        "height": 5.53655791271687
      }
    },
    {
      "name": "obs-40",
      "shape": {
        "type": "rectangle",
        "bottomLeft": {
          "x": 39.574921753308985,
          "y": 29.113769752333727
        },
        "width": 0.25,
        "height": 5.53655791271687
      }
    },
    {
      "name": "obs-41",
      "shape": {
        "type": "rectangle",
        "bottomLeft": {
          "x": 40.824921753308985,
          "y": 29.113769752333727
        },
        "width": 0.25,
        "height": 5.53655791271687
      }
    },
    {
      "name": "obs-42",
      "shape": {
        "type": "rectangle",
        "bottomLeft": {
          "x": 22.074921753308985,
          "y": 36.6503276650506
        },
        "width": 19.925078246691015,
        "height": 0.25
      }
    },
    {
      "name": "obs-43",
      "shape": {
        "type": "rectangle",
        "bottomLeft": {
          "x": 22.074921753308985,
          "y": 37.9003276650506
        },
        "width": 19.925078246691015,
        "height": 0.25
      }
    },
    {
      "name": "obs-44",
      "shape": {
        "type": "rectangle",
        "bottomLeft": {
          "x": 22.074921753308985,
          "y": 39.1503276650506
        },
        "width": 19.925078246691015,
        "height": 0.25
      }
    },
    {
      "name": "obs-45",
      "shape": {
        "type": "rectangle",
        "bottomLeft": {
          "x": 22.074921753308985,
          "y": 40.4003276650506
        },
        "width": 19.925078246691015,
        "height": 0.25
      }
    },
    {
      "name": "obs-46",
      "shape": {
        "type": "rectangle",
        "bottomLeft": {
          "x": 22.074921753308985,
          "y": 41.6503276650506
        },
        "width": 19.925078246691015,
        "height": 0.25
      }
    },
    {
      "name": "obs-47",
      "shape": {
        "type": "rectangle",
        "bottomLeft": {
          "x": 2,
          "y": 29.113769752333727
        },
        "width": 0.25,
        "height": 5.9405524196333213
      }
    },
    {
      "name": "obs-48",
      "shape": {
        "type": "rectangle",
        "bottomLeft": {
          "x": 3.25,
          "y": 29.113769752333727
        },
        "width": 0.25,
        "height": 5.9405524196333213
      }
    },
    {
      "name": "obs-49",
      "shape": {
        "type": "rectangle",
        "bottomLeft": {
          "x": 4.5,
          "y": 29.113769752333727
        },
        "width": 0.25,
        "height": 5.9405524196333213
      }
    },
    {
      "name": "obs-50",
      "shape": {
        "type": "rectangle",
        "bottomLeft": {
          "x": 5.75,
          "y": 29.113769752333727
        },
        "width": 0.25,
        "height": 5.9405524196333213
      }
    },
    {
      "name": "obs-51",
      "shape": {
        "type": "rectangle",
        "bottomLeft": {
          "x": 7,
          "y": 29.113769752333727
        },
        "width": 0.25,
        "height": 5.9405524196333213
      }
    },
    {
      "name": "obs-52",
      "shape": {
        "type": "rectangle",
        "bottomLeft": {
          "x": 8.25,
          "y": 29.113769752333727
        },
        "width": 0.25,
        "height": 5.9405524196333213
      }
    },
    {
      "name": "obs-53",
      "shape": {
        "type": "rectangle",
        "bottomLeft": {
          "x": 13.322169584657765,
          "y": 31.113769752333727
        },
        "width": 4.75275216865122,
        "height": 1.9405524196333213
      }
    },
    {
      "name": "obs-54",
      "shape": {
        "type": "rectangle",
        "bottomLeft": {
          "x": 2,
          "y": 37.054322171967051
        },
        "width": 0.25,
        "height": 5.9456778280329514
      }
    },
    {
      "name": "obs-55",
      "shape": {
        "type": "rectangle",
        "bottomLeft": {
          "x": 3.25,
          "y": 37.054322171967051
        },
        "width": 0.25,
        "height": 5.9456778280329514
      }
    },
    {
      "name": "obs-56",
      "shape": {
        "type": "rectangle",
        "bottomLeft": {
          "x": 4.5,
          "y": 37.054322171967051
        },
        "width": 0.25,
        "height": 5.9456778280329514
      }
    },
    {
      "name": "obs-57",
      "shape": {
        "type": "rectangle",
        "bottomLeft": {
          "x": 5.75,
          "y": 37.054322171967051
        },
        "width": 0.25,
        "height": 5.9456778280329514
      }
    },
    {
      "name": "obs-58",
      "shape": {
        "type": "rectangle",
        "bottomLeft": {
          "x": 7,
          "y": 37.054322171967051
        },
        "width": 0.25,
        "height": 5.9456778280329514
      }
    },
    {
      "name": "obs-59",
      "shape": {
        "type": "rectangle",
        "bottomLeft": {
          "x": 8.25,
          "y": 37.054322171967051
        },
        "width": 0.25,
        "height": 5.9456778280329514
      }
    },
    {
      "name": "obs-60",
      "shape": {
        "type": "rectangle",
        "bottomLeft": {
          "x": 13.356708453626704,
          "y": 39.054322171967051
        },
        "width": 4.7182132996822812,
        "height": 1.9456778280329514
      }
    },
    {
      "name": "obs-61",
      "shape": {
        "type": "rectangle",
        "bottomLeft": {
          "x": 1,
          "y": 9
        },
        "width": 1,
        "height": 2
      }
    },
    {
      "name": "obs-62",
      "shape": {
        "type": "rectangle",
        "bottomLeft": {
          "x": 3,
          "y": 9
        },
        "width": 1,
        "height": 2
      }
    },
    {
      "name": "obs-63",
      "shape": {
        "type": "rectangle",
        "bottomLeft": {
          "x": 5,
          "y": 9
        },
        "width": 1,
        "height": 2
      }
    },
    {
      "name": "obs-64",
      "shape": {
        "type": "rectangle",
        "bottomLeft": {
          "x": 7,
          "y": 9
        },
        "width": 1,
        "height": 2
      }
    },
    {
      "name": "obs-65",
      "shape": {
        "type": "rectangle",
        "bottomLeft": {
          "x": 9,
          "y": 9
        },
        "width": 1,
        "height": 2
      }
    },
    {
      "name": "obs-66",
      "shape": {
        "type": "rectangle",
        "bottomLeft": {
          "x": 11,
          "y": 9
        },
        "width": 1,
        "height": 2
      }
    },
    {
      "name": "obs-67",
      "shape": {
        "type": "rectangle",
        "bottomLeft": {
          "x": 18.769965169197757,
          "y": 9
        },
        "width": 1,
        "height": 2
      }
    },
    {
      "name": "obs-68",
      "shape": {
        "type": "rectangle",
        "bottomLeft": {
          "x": 20.769965169197757,
          "y": 9
        },
        "width": 1,
        "height": 2
      }
    },
    {
      "name": "obs-69",
      "shape": {
        "type": "rectangle",
        "bottomLeft": {
          "x": 22.769965169197757,
          "y": 9
        },
        "width": 1,
        "height": 2
      }
    },
    {
      "name": "obs-70",
      "shape": {
        "type": "rectangle",
        "bottomLeft": {
          "x": 24.769965169197757,
          "y": 9
        },
        "width": 1,
        "height": 2
      }
    },
    {
      "name": "obs-71",
      "shape": {
        "type": "rectangle",
        "bottomLeft": {
          "x": 26.769965169197757,
          "y": 9
        },
        "width": 1,
        "height": 2
      }
    },
    {
      "name": "obs-72",
      "shape": {
        "type": "rectangle",
        "bottomLeft": {
          "x": 28.769965169197757,
          "y": 9
        },
        "width": 1,
        "height": 2
      }
    },
    {
      "name": "obs-73",
      "shape": {
        "type": "rectangle",
        "bottomLeft": {
          "x": 30.769965169197757,
          "y": 9
        },
        "width": 1,
        "height": 2
      }
    },
    {
      "name": "obs-74",
      "shape": {
        "type": "rectangle",
        "bottomLeft": {
          "x": 32.769965169197761,
          "y": 9
        },
        "width": 1,
        "height": 2
      }
    },
    {
      "name": "obs-75",
      "shape": {
        "type": "rectangle",
        "bottomLeft": {
          "x": 34.769965169197761,
          "y": 9
        },
        "width": 1,
        "height": 2
      }
    },
    {
      "name": "obs-76",
      "shape": {
        "type": "rectangle",
        "bottomLeft": {
          "x": 36.769965169197761,
          "y": 9
        },
        "width": 1,
        "height": 2
      }
    },
    {
      "name": "obs-77",
      "shape": {
        "type": "rectangle",
        "bottomLeft": {
          "x": 38.769965169197761,
          "y": 9
        },
        "width": 1,
        "height": 2
      }
    },
    {
      "name": "obs-78",
      "shape": {
        "type": "rectangle",
        "bottomLeft": {
          "x": 40.769965169197761,
          "y": 9
        },
        "width": 1,
        "height": 2
      }
    },
    {
      "name": "obs-79",
      "shape": {
        "type": "rectangle",
        "bottomLeft": {
          "x": 42.769965169197761,
          "y": 9
        },
        "width": 1,
        "height": 2
      }
    },
    {
      "name": "obs-80",
      "shape": {
        "type": "rectangle",
        "bottomLeft": {
          "x": 4.75,
          "y": 0
        },
        "width": 0.25,
        "height": 5
      }
    },
    {
      "name": "obs-81",
      "shape": {
        "type": "rectangle",
        "bottomLeft": {
          "x": 0,
          "y": 4.75
        },
        "width": 2.5,
        "height": 0.25
      }
    },
    {
      "name": "obs-82",
      "shape": {
        "type": "rectangle",
        "bottomLeft": {
          "x": 9.75,
          "y": 0
        },
        "width": 0.25,
        "height": 5
      }
    },
    {
      "name": "obs-83",
      "shape": {
        "type": "rectangle",
        "bottomLeft": {
          "x": 5,
          "y": 4.75
        },
        "width": 2.5,
        "height": 0.25
      }
    },
    {
      "name": "obs-84",
      "shape": {
        "type": "rectangle",
        "bottomLeft": {
          "x": 14.75,
          "y": 0
        },
        "width": 0.25,
        "height": 5
      }
    },
    {
      "name": "obs-85",
      "shape": {
        "type": "rectangle",
        "bottomLeft": {
          "x": 10,
          "y": 4.75
        },
        "width": 2.5,
        "height": 0.25
      }
    },
    {
      "name": "obs-86",
      "shape": {
        "type": "rectangle",
        "bottomLeft": {
          "x": 19.75,
          "y": 0
        },
        "width": 0.25,
        "height": 5
      }
    },
    {
      "name": "obs-87",
      "shape": {
        "type": "rectangle",
        "bottomLeft": {
          "x": 15,
          "y": 4.75
        },
        "width": 2.5,
        "height": 0.25
      }
    },
    {
      "name": "obs-88",
      "shape": {
        "type": "rectangle",
        "bottomLeft": {
          "x": 39,
          "y": 0
        },
        "width": 0.25,
        "height": 5
      }
    },
    {
      "name": "obs-89",
      "shape": {
        "type": "rectangle",
        "bottomLeft": {
          "x": 41.5,
          "y": 4.75
        },
        "width": 2.5,
        "height": 0.25
      }
    },
    {
      "name": "obs-90",
      "shape": {
        "type": "rectangle",
        "bottomLeft": {
          "x": 34,
          "y": 0
        },
        "width": 0.25,
        "height": 5
      }
    },
    {
      "name": "obs-91",
      "shape": {
        "type": "rectangle",
        "bottomLeft": {
          "x": 36.5,
          "y": 4.75
        },
        "width": 2.5,
        "height": 0.25
      }
    },
    {
      "name": "obs-92",
      "shape": {
        "type": "rectangle",
        "bottomLeft": {
          "x": 29,
          "y": 0
        },
        "width": 0.25,
        "height": 5
      }
    },
    {
      "name": "obs-93",
      "shape": {
        "type": "rectangle",
        "bottomLeft": {
          "x": 31.5,
          "y": 4.75
        },
        "width": 2.5,
        "height": 0.25
      }
    },
    {
      "name": "obs-94",
      "shape": {
        "type": "rectangle",
        "bottomLeft": {
          "x": 24,
          "y": 0
        },
        "width": 0.25,
        "height": 5
      }
    },
    {
      "name": "obs-95",
      "shape": {
        "type": "rectangle",
        "bottomLeft": {
          "x": 26.5,
          "y": 4.75
        },
        "width": 2.5,
        "height": 0.25
      }
    }
  ],
  "accesses": [
    {
      "id": 0,
      "shape": {
        "type": "rectangle",
        "bottomLeft": {
          "y": 0,
          "x": 21
        },
        "width": 1,
        "height": 0.5
      }
    },
    {
      "id": 0,
      "shape": {
        "type": "rectangle",
        "bottomLeft": {
          "y": 0,
          "x": 22
        },
        "width": 1,
        "height": 0.5
      }
    }
  ]
}
]	,
	"gateways": [
{
  "id": 0,
  "domain1": 1,
  "domain2": 0
}
	]
}