{
	"domains": [
{
  "id": 1,
  "width": 44,
  "height": 40,
  "obstacles": [
    {
      "name": "obs-1",
      "shape": {
        "type": "rectangle",
        "bottomLeft": {
          "x": 2,
          "y": 15
        },
        "width": 18.811358222822324,
        "height": 0.25
      }
    },
    {
      "name": "obs-2",
      "shape": {
        "type": "rectangle",
        "bottomLeft": {
          "x": 2,
          "y": 16.25
        },
        "width": 18.811358222822324,
        "height": 0.25
      }
    },
    {
      "name": "obs-3",
      "shape": {
        "type": "rectangle",
        "bottomLeft": {
          "x": 2,
          "y": 17.5
        },
        "width": 18.811358222822324,
        "height": 0.25
      }
    },
    {
      "name": "obs-4",
      "shape": {
        "type": "rectangle",
        "bottomLeft": {
          "x": 2,
          "y": 18.75
        },
        "width": 18.811358222822324,
        "height": 0.25
      }
    },
    {
      "name": "obs-5",
      "shape": {
        "type": "rectangle",
        "bottomLeft": {
          "x": 2,
          "y": 20
        },
        "width": 18.811358222822324,
        "height": 0.25
      }
    },
    {
      "name": "obs-6",
      "shape": {
        "type": "rectangle",
        "bottomLeft": {
          "x": 2,
          "y": 21.25
        },
        "width": 18.811358222822324,
        "height": 0.25
      }
    },
    {
      "name": "obs-7",
      "shape": {
        "type": "rectangle",
        "bottomLeft": {
          "x": 2,
          "y": 22.5
        },
        "width": 18.811358222822324,
        "height": 0.25
      }
    },
    {
      "name": "obs-8",
      "shape": {
        "type": "rectangle",
        "bottomLeft": {
          "x": 2,
          "y": 23.75
        },
        "width": 18.811358222822324,
        "height": 0.25
      }
    },
    {
      "name": "obs-9",
      "shape": {
        "type": "rectangle",
        "bottomLeft": {
          "x": 22.811358222822324,
          "y": 15
        },
        "width": 0.25,
        "height": 2.2425462495038309
      }
    },
    {
      "name": "obs-10",
      "shape": {
        "type": "rectangle",
        "bottomLeft": {
          "x": 22.811358222822324,
          "y": 22.242546249503832
        },
        "width": 0.25,
        "height": 2.2425462495038309
      }
    },
    {
      "name": "obs-11",
      "shape": {
        "type": "rectangle",
        "bottomLeft": {
          "x": 41.75,
          "y": 15
        },
        "width": 0.25,
        "height": 2.2425462495038309
      }
    },
    {
      "name": "obs-12",
      "shape": {
        "type": "rectangle",
        "bottomLeft": {
          "x": 41.75,
          "y": 22.242546249503832
        },
        "width": 0.25,
        "height": 2.2425462495038309
      }
    },
    {
      "name": "obs-13",
      "shape": {
        "type": "rectangle",
        "bottomLeft": {
          "x": 22.811358222822324,
          "y": 15
        },
        "width": 7.0943208885888378,
        "height": 0.25
      }
    },
    {
      "name": "obs-14",
      "shape": {
        "type": "rectangle",
        "bottomLeft": {
          "x": 34.90567911141116,
          "y": 15
        },
        "width": 7.0943208885888378,
        "height": 0.25
      }
    },
    {
      "name": "obs-15",
      "shape": {
        "type": "rectangle",
        "bottomLeft": {
          "x": 22.811358222822324,
          "y": 24.235092499007663
        },
        "width": 7.0943208885888378,
        "height": 0.25
      }
    },
    {
      "name": "obs-16",
      "shape": {
        "type": "rectangle",
        "bottomLeft": {
          "x": 34.90567911141116,
          "y": 24.235092499007663
        },
        "width": 7.0943208885888378,
        "height": 0.25
      }
    },
    {
      "name": "obs-17",
      "shape": {
        "type": "rectangle",
        "bottomLeft": {
          "x": 24.811358222822324,
          "y": 17
        },
        "width": 0.25,
        "height": 5.4850924990076617
      }
    },
    {
      "name": "obs-18",
      "shape": {
        "type": "rectangle",
        "bottomLeft": {
          "x": 26.061358222822324,
          "y": 17
        },
        "width": 0.25,
        "height": 5.4850924990076617
      }
    },
    {
      "name": "obs-19",
      "shape": {
        "type": "rectangle",
        "bottomLeft": {
          "x": 27.311358222822324,
          "y": 17
        },
        "width": 0.25,
        "height": 5.4850924990076617
      }
    },
    {
      "name": "obs-20",
      "shape": {
        "type": "rectangle",
        "bottomLeft": {
          "x": 28.561358222822324,
          "y": 17
        },
        "width": 0.25,
        "height": 5.4850924990076617
      }
    },
    {
      "name": "obs-21",
      "shape": {
        "type": "rectangle",
        "bottomLeft": {
          "x": 29.811358222822324,
          "y": 17
        },
        "width": 0.25,
        "height": 5.4850924990076617
      }
    },
    {
      "name": "obs-22",
      "shape": {
        "type": "rectangle",
        "bottomLeft": {
          "x": 31.061358222822324,
          "y": 17
        },
        "width": 0.25,
        "height": 5.4850924990076617
      }
    },
    {
      "name": "obs-23",
      "shape": {
        "type": "rectangle",
        "bottomLeft": {
          "x": 32.311358222822321,
          "y": 17
        },
        "width": 0.25,
        "height": 5.4850924990076617
      }
    },
    {
      "name": "obs-24",
      "shape": {
        "type": "rectangle",
        "bottomLeft": {
          "x": 33.561358222822321,
          "y": 17
        },
        "width": 0.25,
        "height": 5.4850924990076617
      }
    },
    {
      "name": "obs-25",
      "shape": {
        "type": "rectangle",
        "bottomLeft": {
          "x": 34.811358222822321,
          "y": 17
        },
        "width": 0.25,
        "height": 5.4850924990076617
      }
    },
    {
      "name": "obs-26",
      "shape": {
        "type": "rectangle",
        "bottomLeft": {
          "x": 36.061358222822321,
          "y": 17
        },
        "width": 0.25,
        "height": 5.4850924990076617
      }
    },
    {
      "name": "obs-27",
      "shape": {
        "type": "rectangle",
        "bottomLeft": {
          "x": 37.311358222822321,
          "y": 17
        },
        "width": 0.25,
        "height": 5.4850924990076617
      }
    },
    {
      "name": "obs-28",
      "shape": {
        "type": "rectangle",
        "bottomLeft": {
          "x": 38.561358222822321,
          "y": 17
        },
        "width": 0.25,
        "height": 5.4850924990076617
      }
    },
    {
      "name": "obs-29",
      "shape": {
        "type": "rectangle",
        "bottomLeft": {
          "x": 24.811358222822324,
          "y": 28.485092499007663
        },
        "width": 4.3950479402813922,
        "height": 0.64544447364112667
      }
    },
    {
      "name": "obs-30",
      "shape": {
        "type": "rectangle",
        "bottomLeft": {
          "x": 22.811358222822324,
          "y": 33.130536972648791
        },
        "width": 8.3950479402813922,
        "height": 0.25
      }
    },
    {
      "name": "obs-31",
      "shape": {
        "type": "rectangle",
        "bottomLeft": {
          "x": 22.811358222822324,
          "y": 34.380536972648791
        },
        "width": 8.3950479402813922,
        "height": 0.25
      }
    },
    {
      "name": "obs-32",
      "shape": {
        "type": "rectangle",
        "bottomLeft": {
          "x": 22.811358222822324,
          "y": 35.630536972648791
        },
        "width": 8.3950479402813922,
        "height": 0.25
      }
    },
    {
      "name": "obs-33",
      "shape": {
        "type": "rectangle",
        "bottomLeft": {
          "x": 22.811358222822324,
          "y": 36.880536972648791
        },
        "width": 8.3950479402813922,
        "height": 0.25
      }
    },
    {
      "name": "obs-34",
      "shape": {
        "type": "rectangle",
        "bottomLeft": {
          "x": 33.206406163103715,
          "y": 26.485092499007663
        },
        "width": 8.7935938368962834,
        "height": 0.25
      }
    },
    {
      "name": "obs-35",
      "shape": {
        "type": "rectangle",
        "bottomLeft": {
          "x": 33.206406163103715,
          "y": 27.735092499007663
        },
        "width": 8.7935938368962834,
        "height": 0.25
      }
    },
    {
      "name": "obs-36",
      "shape": {
        "type": "rectangle",
        "bottomLeft": {
          "x": 33.206406163103715,
          "y": 28.985092499007663
        },
        "width": 8.7935938368962834,
        "height": 0.25
      }
    },
    {
      "name": "obs-37",
      "shape": {
        "type": "rectangle",
        "bottomLeft": {
          "x": 33.206406163103715,
          "y": 30.235092499007663
        },
        "width": 8.7935938368962834,
        "height": 0.25
      }
    },
    {
      "name": "obs-38",
      "shape": {
        "type": "rectangle",
        "bottomLeft": {
          "x": 33.206406163103715,
          "y": 33.115582167632169
        },
        "width": 8.7935938368962834,
        "height": 0.25
      }
    },
    {
      "name": "obs-39",
      "shape": {
        "type": "rectangle",
        "bottomLeft": {
          "x": 33.206406163103715,
          "y": 34.365582167632169
        },
        "width": 8.7935938368962834,
        "height": 0.25
      }
    },
    {
      "name": "obs-40",
      "shape": {
        "type": "rectangle",
        "bottomLeft": {
          "x": 33.206406163103715,
          "y": 35.615582167632169
        },
        "width": 8.7935938368962834,
        "height": 0.25
      }
    },
    {
      "name": "obs-41",
      "shape": {
        "type": "rectangle",
        "bottomLeft": {
          "x": 33.206406163103715,
          "y": 36.865582167632169
        },
        "width": 8.7935938368962834,
        "height": 0.25
      }
    },
    {
      "name": "obs-42",
      "shape": {
        "type": "rectangle",
        "bottomLeft": {
          "x": 2,
          "y": 26.485092499007663
        },
        "width": 7.9444665689388758,
        "height": 0.25
      }
    },
    {
      "name": "obs-43",
      "shape": {
        "type": "rectangle",
        "bottomLeft": {
          "x": 2,
          "y": 27.735092499007663
        },
        "width": 7.9444665689388758,
        "height": 0.25
      }
    },
    {
      "name": "obs-44",
      "shape": {
        "type": "rectangle",
        "bottomLeft": {
          "x": 2,
          "y": 28.985092499007663
        },
        "width": 7.9444665689388758,
        "height": 0.25
      }
    },
    {
      "name": "obs-45",
      "shape": {
        "type": "rectangle",
        "bottomLeft": {
          "x": 2,
          "y": 30.235092499007663
        },
        "width": 7.9444665689388758,
        "height": 0.25
      }
    },
    {
      "name": "obs-46",
      "shape": {
        "type": "rectangle",
        "bottomLeft": {
          "x": 2,
          "y": 33.240233251770668
        },
        "width": 7.9444665689388758,
        "height": 0.25
      }
    },
    {
      "name": "obs-47",
      "shape": {
        "type": "rectangle",
        "bottomLeft": {
          "x": 2,
          "y": 34.490233251770668
        },
        "width": 7.9444665689388758,
        "height": 0.25
      }
    },
    {
      "name": "obs-48",
      "shape": {
        "type": "rectangle",
        "bottomLeft": {
          "x": 2,
          "y": 35.740233251770668
        },
        "width": 7.9444665689388758,
        "height": 0.25
      }
    },
    {
      "name": "obs-49",
      "shape": {
        "type": "rectangle",
        "bottomLeft": {
          "x": 2,
          "y": 36.990233251770668
        },
        "width": 7.9444665689388758,
        "height": 0.25
      }
    },
    {
      "name": "obs-50",
      "shape": {
        "type": "rectangle",
        "bottomLeft": {
          "x": 13.944466568938875,
          "y": 28.485092499007663
        },
        "width": 4.8668916538834495,
        "height": 0.63020170971570177
      }
    },
    {
      "name": "obs-51",
      "shape": {
        "type": "rectangle",
        "bottomLeft": {
          "x": 13.944466568938875,
          "y": 35.11529420872337
        },
        "width": 4.8668916538834495,
        "height": 0.88470579127663651
      }
    },
    {
      "name": "obs-52",
      "shape": {
        "type": "rectangle",
        "bottomLeft": {
          "x": 1,
          "y": 9
        },
        "width": 1,
        "height": 2
      }
    },
    {
      "name": "obs-53",
      "shape": {
        "type": "rectangle",
        "bottomLeft": {
          "x": 7.5538485744459472,
          "y": 9
        },
        "width": 1,
        "height": 2
      }
    },
    {
      "name": "obs-54",
      "shape": {
        "type": "rectangle",
        "bottomLeft": {
          "x": 9.5538485744459472,
          "y": 9
        },
        "width": 1,
        "height": 2
      }
    },
    {
      "name": "obs-55",
      "shape": {
        "type": "rectangle",
        "bottomLeft": {
          "x": 11.553848574445947,
          "y": 9
        },
        "width": 1,
        "height": 2
      }
    },
    {
      "name": "obs-56",
      "shape": {
        "type": "rectangle",
        "bottomLeft": {
          "x": 13.553848574445947,
          "y": 9
        },
        "width": 1,
        "height": 2
      }
    },
    {
      "name": "obs-57",
      "shape": {
        "type": "rectangle",
        "bottomLeft": {
          "x": 15.553848574445947,
          "y": 9
        },
        "width": 1,
        "height": 2
      }
    },
    {
      "name": "obs-58",
      "shape": {
        "type": "rectangle",
        "bottomLeft": {
          "x": 17.553848574445947,
          "y": 9
        },
        "width": 1,
        "height": 2
      }
    },
    {
      "name": "obs-59",
      "shape": {
        "type": "rectangle",
        "bottomLeft": {
          "x": 19.553848574445947,
          "y": 9
        },
        "width": 1,
        "height": 2
      }
    },
    {
      "name": "obs-60",
      "shape": {
        "type": "rectangle",
        "bottomLeft": {
          "x": 21.553848574445947,
          "y": 9
        },
        "width": 1,
        "height": 2
      }
    },
    {
      "name": "obs-61",
      "shape": {
        "type": "rectangle",
        "bottomLeft": {
          "x": 23.553848574445947,
          "y": 9
        },
        "width": 1,
        "height": 2
      }
    },
    {
      "name": "obs-62",
      "shape": {
        "type": "rectangle",
        "bottomLeft": {
          "x": 25.553848574445947,
          "y": 9
        },
        "width": 1,
        "height": 2
      }
    },
    {
      "name": "obs-63",
      "shape": {
        "type": "rectangle",
        "bottomLeft": {
          "x": 27.553848574445947,
          "y": 9
        },
        "width": 1,
        "height": 2
      }
    },
    {
      "name": "obs-64",
      "shape": {
        "type": "rectangle",
        "bottomLeft": {
          "x": 29.553848574445947,
          "y": 9
        },
        "width": 1,
        "height": 2
      }
    },
    {
      "name": "obs-65",
      "shape": {
        "type": "rectangle",
        "bottomLeft": {
          "x": 31.553848574445947,
          "y": 9
        },
        "width": 1,
        "height": 2
      }
    },
    {
      "name": "obs-66",
      "shape": {
        "type": "rectangle",
        "bottomLeft": {
          "x": 33.553848574445951,
          "y": 9
        },
        "width": 1,
        "height": 2
      }
    },
    {
      "name": "obs-67",
      "shape": {
        "type": "rectangle",
        "bottomLeft": {
          "x": 35.553848574445951,
          "y": 9
        },
        "width": 1,
        "height": 2
      }
    },
    {
      "name": "obs-68",
      "shape": {
        "type": "rectangle",
        "bottomLeft": {
          "x": 37.553848574445951,
          "y": 9
        },
        "width": 1,
        "height": 2
      }
    },
    {
      "name": "obs-69",
      "shape": {
        "type": "rectangle",
        "bottomLeft": {
          "x": 39.553848574445951,
          "y": 9
        },
        "width": 1,
        "height": 2
      }
    },
    {
      "name": "obs-70",
      "shape": {
        "type": "rectangle",
        "bottomLeft": {
          "x": 41.553848574445951,
          "y": 9
        },
        "width": 1,
        "height": 2
      }
    },
    {
      "name": "obs-71",
      "shape": {
        "type": "rectangle",
        "bottomLeft": {
          "x": 4.75,
          "y": 0
        },
        "width": 0.25,
        "height": 5
      }
    },
    {
      "name": "obs-72",
      "shape": {
        "type": "rectangle",
        "bottomLeft": {
          "x": 0,
          "y": 4.75
        },
        "width": 2.5,
        "height": 0.25
      }
    },
    {
      "name": "obs-73",
      "shape": {
        "type": "rectangle",
        "bottomLeft": {
          "x": 9.75,
          "y": 0
        },
        "width": 0.25,
        "height": 5
      }
    },
    {
      "name": "obs-74",
      "shape": {
        "type": "rectangle",
        "bottomLeft": {
          "x": 5,
          "y": 4.75
        },
        "width": 2.5,
        "height": 0.25
      }
    },
    {
      "name": "obs-75",
      "shape": {
        "type": "rectangle",
        "bottomLeft": {
          "x": 14.75,
          "y": 0
        },
        "width": 0.25,
        "height": 5
      }
    },
    {
      "name": "obs-76",
      "shape": {
        "type": "rectangle",
        "bottomLeft": {
          "x": 10,
          "y": 4.75
        },
        "width": 2.5,
        "height": 0.25
      }
    },
    {
      "name": "obs-77",
      "shape": {
        "type": "rectangle",
        "bottomLeft": {
          "x": 19.75,
          "y": 0
        },
        "width": 0.25,
        "height": 5
      }
    },
    {
      "name": "obs-78",
      "shape": {
        "type": "rectangle",
        "bottomLeft": {
          "x": 15,
          "y": 4.75
        },
        "width": 2.5,
        "height": 0.25
      }
    },
    {
      "name": "obs-79",
      "shape": {
        "type": "rectangle",
        "bottomLeft": {
          "x": 39,
          "y": 0
        },
        "width": 0.25,
        "height": 5
      }
    },
    {
      "name": "obs-80",
      "shape": {
        "type": "rectangle",
        "bottomLeft": {
          "x": 41.5,
          "y": 4.75
        },
        "width": 2.5,
        "height": 0.25
      }
    },
    {
      "name": "obs-81",
      "shape": {
        "type": "rectangle",
        "bottomLeft": {
          "x": 34,
          "y": 0
        },
        "width": 0.25,
        "height": 5
      }
    },
    {
      "name": "obs-82",
      "shape": {
        "type": "rectangle",
        "bottomLeft": {
          "x": 36.5,
          "y": 4.75
        },
        "width": 2.5,
        "height": 0.25
      }
    },
    {
      "name": "obs-83",
      "shape": {
        "type": "rectangle",
        "bottomLeft": {
          "x": 29,
          "y": 0
        },
        "width": 0.25,
        "height": 5
      }
    },
    {
      "name": "obs-84",
      "shape": {
        "type": "rectangle",
        "bottomLeft": {
          "x": 31.5,
          "y": 4.75
        },
        "width": 2.5,
        "height": 0.25
      }
    },
    {
      "name": "obs-85",
      "shape": {
        "type": "rectangle",
        "bottomLeft": {
          "x": 24,
          "y": 0
        },
        "width": 0.25,
        "height": 5
      }
    },
    {
      "name": "obs-86",
      "shape": {
        "type": "rectangle",
        "bottomLeft": {
          "x": 26.5,
          "y": 4.75
        },
        "width": 2.5,
        "height": 0.25
      }
    }
  ],
  "accesses": [
    {
      "id": 0,
      "shape": {
        "type": "rectangle",
        "bottomLeft": {
          "y": 0,
          "x": 21
        },
        "width": 1,
        "height": 0.5
      }
    },
    {
      "id": 0,
      "shape": {
        "type": "rectangle",
        "bottomLeft": {
          "y": 0,
          "x": 22
        },
        "width": 1,
        "height": 0.5
      }
    }
  ]
}
]	,
	"gateways": [
{
  "id": 0,
  "domain1": 1,
  "domain2": 0
}
	]
}