{
	"domains": [
{
  "id": 1,
  "width": 43,
  "height": 45,
  "obstacles": [
    {
      "name": "obs-1",
      "shape": {
        "type": "rectangle",
        "bottomLeft": {
          "x": 2,
          "y": 15
        },
        "width": 7.0369869754944823,
        "height": 0.25
      }
    },
    {
      "name": "obs-2",
      "shape": {
        "type": "rectangle",
        "bottomLeft": {
          "x": 2,
          "y": 16.25
        },
        "width": 7.0369869754944823,
        "height": 0.25
      }
    },
    {
      "name": "obs-3",
      "shape": {
        "type": "rectangle",
        "bottomLeft": {
          "x": 2,
          "y": 17.5
        },
        "width": 7.0369869754944823,
        "height": 0.25
      }
    },
    {
      "name": "obs-4",
      "shape": {
        "type": "rectangle",
        "bottomLeft": {
          "x": 2,
          "y": 18.75
        },
        "width": 7.0369869754944823,
        "height": 0.25
      }
    },
    {
      "name": "obs-5",
      "shape": {
        "type": "rectangle",
        "bottomLeft": {
          "x": 11.036986975494482,
          "y": 15
        },
        "width": 7.8453458488636159,
        "height": 0.25
      }
    },
    {
      "name": "obs-6",
      "shape": {
        "type": "rectangle",
        "bottomLeft": {
          "x": 11.036986975494482,
          "y": 16.25
        },
        "width": 7.8453458488636159,
        "height": 0.25
      }
    },
    {
      "name": "obs-7",
      "shape": {
        "type": "rectangle",
        "bottomLeft": {
          "x": 11.036986975494482,
          "y": 17.5
        },
        "width": 7.8453458488636159,
        "height": 0.25
      }
    },
    {
      "name": "obs-8",
      "shape": {
        "type": "rectangle",
        "bottomLeft": {
          "x": 11.036986975494482,
          "y": 18.75
        },
        "width": 7.8453458488636159,
        "height": 0.25
      }
    },
    {
      "name": "obs-9",
      "shape": {
        "type": "rectangle",
        "bottomLeft": {
          "x": 4,
          "y": 23.705967913427536
        },
        "width": 3.2128252306369811,
        "height": 1.2634478281521071
      }
    },
    {
      "name": "obs-10",
      "shape": {
        "type": "rectangle",
        "bottomLeft": {
          "x": 11.21282523063698,
          "y": 21.705967913427536
        },
        "width": 7.6695075937211179,
        "height": 0.25
      }
    },
    {
      "name": "obs-11",
      "shape": {
        "type": "rectangle",
        "bottomLeft": {
          "x": 11.21282523063698,
          "y": 22.955967913427536
        },
        "width": 7.6695075937211179,
        "height": 0.25
      }
    },
    {
      "name": "obs-12",
      "shape": {
        "type": "rectangle",
        "bottomLeft": {
          "x": 11.21282523063698,
          "y": 24.205967913427536
        },
        "width": 7.6695075937211179,
        "height": 0.25
      }
    },
    {
      "name": "obs-13",
      "shape": {
        "type": "rectangle",
        "bottomLeft": {
          "x": 11.21282523063698,
          "y": 25.455967913427536
        },
        "width": 7.6695075937211179,
        "height": 0.25
      }
    },
    {
      "name": "obs-14",
      "shape": {
        "type": "rectangle",
        "bottomLeft": {
          "x": 11.21282523063698,
          "y": 26.705967913427536
        },
        "width": 7.6695075937211179,
        "height": 0.25
      }
    },
    {
      "name": "obs-15",
      "shape": {
        "type": "rectangle",
        "bottomLeft": {
          "x": 20.882332824358098,
          "y": 15
        },
        "width": 9.0370882405045876,
        "height": 0.25
      }
    },
    {
      "name": "obs-16",
      "shape": {
        "type": "rectangle",
        "bottomLeft": {
          "x": 20.882332824358098,
          "y": 16.25
        },
        "width": 9.0370882405045876,
        "height": 0.25
      }
    },
    {
      "name": "obs-17",
      "shape": {
        "type": "rectangle",
        "bottomLeft": {
          "x": 20.882332824358098,
          "y": 17.5
        },
        "width": 9.0370882405045876,
        "height": 0.25
      }
    },
    {
      "name": "obs-18",
      "shape": {
        "type": "rectangle",
        "bottomLeft": {
          "x": 20.882332824358098,
          "y": 18.75
        },
        "width": 9.0370882405045876,
        "height": 0.25
      }
    },
    {
      "name": "obs-19",
      "shape": {
        "type": "rectangle",
        "bottomLeft": {
          "x": 31.919421064862686,
          "y": 15
        },
        "width": 9.0805789351373143,
        "height": 0.25
      }
    },
    {
      "name": "obs-20",
      "shape": {
        "type": "rectangle",
        "bottomLeft": {
          "x": 31.919421064862686,
          "y": 16.25
        },
        "width": 9.0805789351373143,
        "height": 0.25
      }
    },
    {
      "name": "obs-21",
      "shape": {
        "type": "rectangle",
        "bottomLeft": {
          "x": 31.919421064862686,
          "y": 17.5
        },
        "width": 9.0805789351373143,
        "height": 0.25
      }
    },
    {
      "name": "obs-22",
      "shape": {
        "type": "rectangle",
        "bottomLeft": {
          "x": 31.919421064862686,
          "y": 18.75
        },
        "width": 9.0805789351373143,
        "height": 0.25
      }
    },
    {
      "name": "obs-23",
      "shape": {
        "type": "rectangle",
        "bottomLeft": {
          "x": 31.919421064862686,
          "y": 21.82140070386216
        },
        "width": 9.0805789351373143,
        "height": 0.25
      }
    },
    {
      "name": "obs-24",
      "shape": {
        "type": "rectangle",
        "bottomLeft": {
          "x": 31.919421064862686,
          "y": 23.07140070386216
        },
        "width": 9.0805789351373143,
        "height": 0.25
      }
    },
    {
      "name": "obs-25",
      "shape": {
        "type": "rectangle",
        "bottomLeft": {
          "x": 31.919421064862686,
          "y": 24.32140070386216
        },
        "width": 9.0805789351373143,
        "height": 0.25
      }
    },
    {
      "name": "obs-26",
      "shape": {
        "type": "rectangle",
        "bottomLeft": {
          "x": 31.919421064862686,
          "y": 25.57140070386216
        },
        "width": 9.0805789351373143,
        "height": 0.25
      }
    },
    {
      "name": "obs-27",
      "shape": {
        "type": "rectangle",
        "bottomLeft": {
          "x": 20.882332824358098,
          "y": 21.82140070386216
        },
        "width": 0.25,
        "height": 5.1480150377174834
      }
    },
    {
      "name": "obs-28",
      "shape": {
        "type": "rectangle",
        "bottomLeft": {
          "x": 22.132332824358098,
          "y": 21.82140070386216
        },
        "width": 0.25,
        "height": 5.1480150377174834
      }
    },
    {
      "name": "obs-29",
      "shape": {
        "type": "rectangle",
        "bottomLeft": {
          "x": 23.382332824358098,
          "y": 21.82140070386216
        },
        "width": 0.25,
        "height": 5.1480150377174834
      }
    },
    {
      "name": "obs-30",
      "shape": {
        "type": "rectangle",
        "bottomLeft": {
          "x": 24.632332824358098,
          "y": 21.82140070386216
        },
        "width": 0.25,
        "height": 5.1480150377174834
      }
    },
    {
      "name": "obs-31",
      "shape": {
        "type": "rectangle",
        "bottomLeft": {
          "x": 25.882332824358098,
          "y": 21.82140070386216
        },
        "width": 0.25,
        "height": 5.1480150377174834
      }
    },
    {
      "name": "obs-32",
      "shape": {
        "type": "rectangle",
        "bottomLeft": {
          "x": 27.132332824358098,
          "y": 21.82140070386216
        },
        "width": 0.25,
        "height": 5.1480150377174834
      }
    },
    {
      "name": "obs-33",
      "shape": {
        "type": "rectangle",
        "bottomLeft": {
          "x": 28.382332824358098,
          "y": 21.82140070386216
        },
        "width": 0.25,
        "height": 5.1480150377174834
      }
    },
    {
      "name": "obs-34",
      "shape": {
        "type": "rectangle",
        "bottomLeft": {
          "x": 29.632332824358098,
          "y": 21.82140070386216
        },
        "width": 0.25,
        "height": 5.1480150377174834
      }
    },
    {
      "name": "obs-35",
      "shape": {
        "type": "rectangle",
        "bottomLeft": {
          "x": 22.882332824358098,
          "y": 30.969415741579642
        },
        "width": 4.3353758521857646,
        "height": 1.6872313755543971
      }
    },
    {
      "name": "obs-36",
      "shape": {
        "type": "rectangle",
        "bottomLeft": {
          "x": 31.217708676543864,
          "y": 28.969415741579642
        },
        "width": 0.25,
        "height": 5.6872313755543971
      }
    },
    {
      "name": "obs-37",
      "shape": {
        "type": "rectangle",
        "bottomLeft": {
          "x": 32.467708676543864,
          "y": 28.969415741579642
        },
        "width": 0.25,
        "height": 5.6872313755543971
      }
    },
    {
      "name": "obs-38",
      "shape": {
        "type": "rectangle",
        "bottomLeft": {
          "x": 33.717708676543864,
          "y": 28.969415741579642
        },
        "width": 0.25,
        "height": 5.6872313755543971
      }
    },
    {
      "name": "obs-39",
      "shape": {
        "type": "rectangle",
        "bottomLeft": {
          "x": 34.967708676543864,
          "y": 28.969415741579642
        },
        "width": 0.25,
        "height": 5.6872313755543971
      }
    },
    {
      "name": "obs-40",
      "shape": {
        "type": "rectangle",
        "bottomLeft": {
          "x": 36.217708676543864,
          "y": 28.969415741579642
        },
        "width": 0.25,
        "height": 5.6872313755543971
      }
    },
    {
      "name": "obs-41",
      "shape": {
        "type": "rectangle",
        "bottomLeft": {
          "x": 37.467708676543864,
          "y": 28.969415741579642
        },
        "width": 0.25,
        "height": 5.6872313755543971
      }
    },
    {
      "name": "obs-42",
      "shape": {
        "type": "rectangle",
        "bottomLeft": {
          "x": 38.717708676543864,
          "y": 28.969415741579642
        },
        "width": 0.25,
        "height": 5.6872313755543971
      }
    },
    {
      "name": "obs-43",
      "shape": {
        "type": "rectangle",
        "bottomLeft": {
          "x": 39.967708676543864,
          "y": 28.969415741579642
        },
        "width": 0.25,
        "height": 5.6872313755543971
      }
    },
    {
      "name": "obs-44",
      "shape": {
        "type": "rectangle",
        "bottomLeft": {
          "x": 20.882332824358098,
          "y": 36.656647117134042
        },
        "width": 0.25,
        "height": 6.3433528828659611
      }
    },
    {
      "name": "obs-45",
      "shape": {
        "type": "rectangle",
        "bottomLeft": {
          "x": 22.132332824358098,
          "y": 36.656647117134042
        },
        "width": 0.25,
        "height": 6.3433528828659611
      }
    },
    {
      "name": "obs-46",
      "shape": {
        "type": "rectangle",
        "bottomLeft": {
          "x": 23.382332824358098,
          "y": 36.656647117134042
        },
        "width": 0.25,
        "height": 6.3433528828659611
      }
    },
    {
      "name": "obs-47",
      "shape": {
        "type": "rectangle",
        "bottomLeft": {
          "x": 24.632332824358098,
          "y": 36.656647117134042
        },
        "width": 0.25,
        "height": 6.3433528828659611
      }
    },
    {
      "name": "obs-48",
      "shape": {
        "type": "rectangle",
        "bottomLeft": {
          "x": 25.882332824358098,
          "y": 36.656647117134042
        },
        "width": 0.25,
        "height": 6.3433528828659611
      }
    },
    {
      "name": "obs-49",
      "shape": {
        "type": "rectangle",
        "bottomLeft": {
          "x": 27.132332824358098,
          "y": 36.656647117134042
        },
        "width": 0.25,
        "height": 6.3433528828659611
      }
    },
    {
      "name": "obs-50",
      "shape": {
        "type": "rectangle",
        "bottomLeft": {
          "x": 28.382332824358098,
          "y": 36.656647117134042
        },
        "width": 0.25,
        "height": 6.3433528828659611
      }
    },
    {
      "name": "obs-51",
      "shape": {
        "type": "rectangle",
        "bottomLeft": {
          "x": 33.37372118870239,
          "y": 38.656647117134042
        },
        "width": 5.6262788112976061,
        "height": 2.3433528828659611
      }
    },
    {
      "name": "obs-52",
      "shape": {
        "type": "rectangle",
        "bottomLeft": {
          "x": 2,
          "y": 28.969415741579642
        },
        "width": 0.25,
        "height": 5.8297068392018936
      }
    },
    {
      "name": "obs-53",
      "shape": {
        "type": "rectangle",
        "bottomLeft": {
          "x": 3.25,
          "y": 28.969415741579642
        },
        "width": 0.25,
        "height": 5.8297068392018936
      }
    },
    {
      "name": "obs-54",
      "shape": {
        "type": "rectangle",
        "bottomLeft": {
          "x": 4.5,
          "y": 28.969415741579642
        },
        "width": 0.25,
        "height": 5.8297068392018936
      }
    },
    {
      "name": "obs-55",
      "shape": {
        "type": "rectangle",
        "bottomLeft": {
          "x": 5.75,
          "y": 28.969415741579642
        },
        "width": 0.25,
        "height": 5.8297068392018936
      }
    },
    {
      "name": "obs-56",
      "shape": {
        "type": "rectangle",
        "bottomLeft": {
          "x": 7,
          "y": 28.969415741579642
        },
        "width": 0.25,
        "height": 5.8297068392018936
      }
    },
    {
      "name": "obs-57",
      "shape": {
        "type": "rectangle",
        "bottomLeft": {
          "x": 8.25,
          "y": 28.969415741579642
        },
        "width": 0.25,
        "height": 5.8297068392018936
      }
    },
    {
      "name": "obs-58",
      "shape": {
        "type": "rectangle",
        "bottomLeft": {
          "x": 12.868631314623745,
          "y": 30.969415741579642
        },
        "width": 4.0137015097343536,
        "height": 1.8297068392018936
      }
    },
    {
      "name": "obs-59",
      "shape": {
        "type": "rectangle",
        "bottomLeft": {
          "x": 12.868631314623745,
          "y": 38.799122580781535
        },
        "width": 4.0137015097343536,
        "height": 2.2008774192184646
      }
    },
    {
      "name": "obs-60",
      "shape": {
        "type": "rectangle",
        "bottomLeft": {
          "x": 4,
          "y": 38.799122580781535
        },
        "width": 2.8686313146237454,
        "height": 2.2008774192184646
      }
    },
    {
      "name": "obs-61",
      "shape": {
        "type": "rectangle",
        "bottomLeft": {
          "x": 1,
          "y": 9
        },
        "width": 1,
        "height": 2
      }
    },
    {
      "name": "obs-62",
      "shape": {
        "type": "rectangle",
        "bottomLeft": {
          "x": 3,
          "y": 9
        },
        "width": 1,
        "height": 2
      }
    },
    {
      "name": "obs-63",
      "shape": {
        "type": "rectangle",
        "bottomLeft": {
          "x": 5,
          "y": 9
        },
        "width": 1,
        "height": 2
      }
    },
    {
      "name": "obs-64",
      "shape": {
        "type": "rectangle",
        "bottomLeft": {
          "x": 7,
          "y": 9
        },
        "width": 1,
        "height": 2
      }
    },
    {
      "name": "obs-65",
      "shape": {
        "type": "rectangle",
        "bottomLeft": {
          "x": 9,
          "y": 9
        },
        "width": 1,
        "height": 2
      }
    },
    {
      "name": "obs-66",
      "shape": {
        "type": "rectangle",
        "bottomLeft": {
          "x": 11,
          "y": 9
        },
        "width": 1,
        "height": 2
      }
    },
    {
      "name": "obs-67",
      "shape": {
        "type": "rectangle",
        "bottomLeft": {
          "x": 13,
          "y": 9
        },
        "width": 1,
        "height": 2
      }
    },
    {
      "name": "obs-68",
      "shape": {
        "type": "rectangle",
        "bottomLeft": {
          "x": 15,
          "y": 9
        },
        "width": 1,
        "height": 2
      }
    },
    {
      "name": "obs-69",
      "shape": {
        "type": "rectangle",
        "bottomLeft": {
          "x": 17,
          "y": 9
        },
        "width": 1,
        "height": 2
      }
    },
    {
      "name": "obs-70",
      "shape": {
        "type": "rectangle",
        "bottomLeft": {
          "x": 19,
          "y": 9
        },
        "width": 1,
        "height": 2
      }
    },
    {
      "name": "obs-71",
      "shape": {
        "type": "rectangle",
        "bottomLeft": {
          "x": 21,
          "y": 9
        },
        "width": 1,
        "height": 2
      }
    },
    {
      "name": "obs-72",
      "shape": {
        "type": "rectangle",
        "bottomLeft": {
          "x": 23,
          "y": 9
        },
        "width": 1,
        "height": 2
      }
    },
    {
      "name": "obs-73",
      "shape": {
        "type": "rectangle",
        "bottomLeft": {
          "x": 25,
          "y": 9
        },
        "width": 1,
        "height": 2
      }
    },
    {
      "name": "obs-74",
      "shape": {
        "type": "rectangle",
        "bottomLeft": {
          "x": 27,
          "y": 9
        },
        "width": 1,
        "height": 2
      }
    },
    {
      "name": "obs-75",
      "shape": {
        "type": "rectangle",
        "bottomLeft": {
          "x": 29,
          "y": 9
        },
        "width": 1,
        "height": 2
      }
    },
    {
      "name": "obs-76",
      "shape": {
        "type": "rectangle",
        "bottomLeft": {
          "x": 31,
          "y": 9
        },
        "width": 1,
        "height": 2
      }
    },
    {
      "name": "obs-77",
      "shape": {
        "type": "rectangle",
        "bottomLeft": {
          "x": 33,
          "y": 9
        },
        "width": 1,
        "height": 2
      }
    },
    {
      "name": "obs-78",
      "shape": {
        "type": "rectangle",
        "bottomLeft": {
          "x": 40.039037310863222,
          "y": 9
        },
        "width": 1,
        "height": 2
      }
    },
    {
      "name": "obs-79",
      "shape": {
        "type": "rectangle",
        "bottomLeft": {
          "x": 4.75,
          "y": 0
        },
        "width": 0.25,
        "height": 5
      }
    },
    {
      "name": "obs-80",
      "shape": {
        "type": "rectangle",
        "bottomLeft": {
          "x": 0,
          "y": 4.75
        },
        "width": 2.5,
        "height": 0.25
      }
    },
    {
      "name": "obs-81",
      "shape": {
        "type": "rectangle",
        "bottomLeft": {
          "x": 9.75,
          "y": 0
        },
        "width": 0.25,
        "height": 5
      }
    },
    {
      "name": "obs-82",
      "shape": {
        "type": "rectangle",
        "bottomLeft": {
          "x": 5,
          "y": 4.75
        },
        "width": 2.5,
        "height": 0.25
      }
    },
    {
      "name": "obs-83",
      "shape": {
        "type": "rectangle",
        "bottomLeft": {
          "x": 14.75,
          "y": 0
        },
        "width": 0.25,
        "height": 5
      }
    },
    {
      "name": "obs-84",
      "shape": {
        "type": "rectangle",
        "bottomLeft": {
          "x": 10,
          "y": 4.75
        },
        "width": 2.5,
        "height": 0.25
      }
    },
    {
      "name": "obs-85",
      "shape": {
        "type": "rectangle",
        "bottomLeft": {
          "x": 38,
          "y": 0
        },
        "width": 0.25,
        "height": 5
      }
    },
    {
      "name": "obs-86",
      "shape": {
        "type": "rectangle",
        "bottomLeft": {
          "x": 40.5,
          "y": 4.75
        },
        "width": 2.5,
        "height": 0.25
      }
    },
    {
      "name": "obs-87",
      "shape": {
        "type": "rectangle",
        "bottomLeft": {
          "x": 33,
          "y": 0
        },
        "width": 0.25,
        "height": 5
      }
    },
    {
      "name": "obs-88",
      "shape": {
        "type": "rectangle",
        "bottomLeft": {
          "x": 35.5,
          "y": 4.75
        },
        "width": 2.5,
        "height": 0.25
      }
    },
    {
      "name": "obs-89",
      "shape": {
        "type": "rectangle",
        "bottomLeft": {
          "x": 28,
          "y": 0
        },
        "width": 0.25,
        "height": 5
      }
    },
    {
      "name": "obs-90",
      "shape": {
        "type": "rectangle",
        "bottomLeft": {
          "x": 30.5,
          "y": 4.75
        },
        "width": 2.5,
        "height": 0.25
      }
    }
  ],
  "accesses": [
    {
      "id": 0,
      "shape": {
        "type": "rectangle",
        "bottomLeft": {
          "y": 0,
          "x": 20.5
        },
        "width": 1,
        "height": 0.5
      }
    },
    {
      "id": 0,
      "shape": {
        "type": "rectangle",
        "bottomLeft": {
          "y": 0,
          "x": 21.5
        },
        "width": 1,
        "height": 0.5
      }
    }
  ]
}
]	,
	"gateways": [
{
  "id": 0,
  "domain1": 1,
  "domain2": 0
}
	]
}